Price,Close,High,Low,Open,Volume
Ticker,HINDUNILVR.NS,HINDUNILVR.NS,HINDUNILVR.NS,HINDUNILVR.NS,HINDUNILVR.NS
Date,,,,,
2021-01-01,2245.106201171875,2260.5747302622194,2239.8872743280394,2252.487723839796,830096
2021-01-04,2281.732666015625,2285.023852634646,2257.4718730232776,2261.5153767844954,1614486
2021-01-05,2304.347900390625,2310.3659784688825,2261.5154108318116,2261.5154108318116,2356303
2021-01-06,2273.081298828125,2303.8303353481947,2258.3180238186346,2299.880957831155,1641627
2021-01-07,2227.52197265625,2287.5624757668766,2223.9015759352187,2286.904284428944,2403881
2021-01-08,2248.538818359375,2256.8138483851158,2219.952601443154,2247.4104573501777,2797948
2021-01-11,2284.177734375,2296.2609537197654,2258.7885794004355,2280.3222523451714,2787672
2021-01-12,2234.151611328125,2287.9391923620065,2230.484380609896,2284.836027367747,2036708
2021-01-13,2230.813232421875,2254.9328350114324,2223.52560545301,2239.7932858654904,1702740
2021-01-14,2255.4501953125,2262.4556750746938,2210.8779881583246,2224.8421143918226,2120413
2021-01-15,2210.878173828125,2263.396204172036,2203.0264801211624,2249.7612872794334,2042957
2021-01-18,2193.434814453125,2232.834926206233,2182.1975798905914,2232.834926206233,1733797
2021-01-19,2222.162109375,2239.9817178335784,2184.642673528756,2202.2740305194648,1495269
2021-01-20,2215.39208984375,2232.3181954247925,2206.317908403913,2216.379491917644,1380562
2021-01-21,2226.3935546875,2256.7194876168555,2209.7966630693218,2234.2454772139185,1521133
2021-01-22,2265.605712890625,2277.5009086305,2216.378877639178,2218.259555515834,2548089
2021-01-25,2256.4375,2287.233601482567,2242.7084591121443,2275.6203232919875,2124424
2021-01-27,2248.6328125,2280.322192518146,2195.691678156648,2280.322192518146,2460297
2021-01-28,2163.15576171875,2267.674580180963,2153.376327867586,2226.628644745415,3867335
2021-01-29,2128.83349609375,2183.7494346845024,2116.7032141067757,2176.979039399331,4472694
2021-02-01,2114.446533203125,2148.6747836598856,2093.38280020476,2140.82286056357,2717591
2021-02-02,2097.379150390625,2139.2713002287783,2073.4475679140464,2135.557006963153,4215607
2021-02-03,2099.635986328125,2122.3450808976495,2085.2958168626005,2098.3664368733293,2353429
2021-02-04,2111.62548828125,2124.2259398750466,2093.382772743629,2105.4191586455195,2908003
2021-02-05,2134.14599609375,2148.6741848201127,2107.2992771036643,2111.624927467619,4036942
2021-02-08,2103.20947265625,2152.1541714366977,2097.2384567855734,2151.4959799452436,2780672
2021-02-09,2084.0263671875,2120.182356836348,2078.6194177858856,2112.941792248308,3131481
2021-02-10,2102.128173828125,2107.300039162974,2080.7354581248865,2087.552916975369,2055520
2021-02-11,2127.9873046875,2132.689000013809,2100.7645346631634,2108.2401843170014,1824480
2021-02-12,2107.817138671875,2136.6855028961304,2098.8368544236605,2132.6890617530744,1222094
2021-02-15,2083.0390625,2126.8118921350724,2080.9703624604467,2116.7032471298985,2449407
2021-02-16,2065.0791015625,2096.063233677044,2059.3900032323613,2094.1354923155905,2396356
2021-02-17,2034.799560546875,2070.2034632125915,2031.1323301141533,2064.984535616056,2447956
2021-02-18,2018.766845703125,2039.1721558023175,2015.3344706562314,2034.8935674972574,3205806
2021-02-19,2050.9736328125,2063.103914958339,2021.728995971025,2024.455887437929,3364030
2021-02-22,2038.279296875,2073.4478903507243,2032.6372617992158,2073.4478903507243,2678023
2021-02-23,2049.233642578125,2061.552174567684,2040.7235292246462,2054.6405915031332,2062144
2021-02-24,2048.857666015625,2057.931845287784,2026.947721999103,2057.931845287784,924143
2021-02-25,2034.2357177734375,2054.6410312997236,2031.1325526807336,2047.1183181416468,2099460
2021-02-26,2004.849853515625,2052.195785427879,1993.5187224095794,2029.251605169751,3413194
2021-03-01,2015.5225830078125,2025.4902685455875,2001.0414537906267,2007.811848884701,1229276
2021-03-02,2048.01123046875,2053.606201470808,2012.8426445344307,2033.0128696901415,2095135
2021-03-03,2062.63330078125,2073.4471977308667,2043.8265234775686,2073.4471977308667,2031893
2021-03-04,2065.830810546875,2072.0371402373416,2044.2971376791381,2054.640867446604,2290915
2021-03-05,2069.7802734375,2078.1021358775392,2045.4724183552569,2054.264679872226,2129837
2021-03-08,2044.8145751953125,2083.885713378411,2039.5956469195933,2078.149552647442,1440724
2021-03-09,2067.335693359375,2073.447898047497,2033.0603760617523,2046.1780617466454,1711842
2021-03-10,2094.934326171875,2103.444210434259,2062.3514421827917,2078.619352744915,2696085
2021-03-12,2073.212158203125,2106.2649782048097,2068.7455484961447,2102.597748380627,2038930
2021-03-15,2078.94873046875,2085.154830602872,2053.0423431038625,2074.482119873941,1632022
2021-03-16,2110.168212890625,2113.412337192896,2082.1931218866257,2088.822559115178,2633605
2021-03-17,2093.476806640625,2127.0468637476456,2086.8473706330515,2119.52415158585,3703365
2021-03-18,2083.0390625,2115.6687823226375,2073.447649898457,2104.4788392166647,2597091
2021-03-19,2174.11083984375,2186.523268780021,2060.7529270106083,2072.601290289521,5382214
2021-03-22,2212.805908203125,2215.9090731256797,2164.6605925462823,2172.2774310311916,2471516
2021-03-23,2197.8544921875,2231.377487256764,2194.18703217304,2222.0211596893573,1970612
2021-03-24,2180.270263671875,2210.643032030572,2177.4021835879357,2197.8545583992704,1762743
2021-03-25,2103.585693359375,2183.467456411724,2097.9436585882854,2180.270395204766,2495833
2021-03-26,2179.611328125,2186.2878257885563,2114.634051348663,2120.4641063024496,1929236
2021-03-30,2255.6376953125,2262.455151608911,2186.28770884901,2186.28770884901,3327203
2021-03-31,2286.43408203125,2293.110580187532,2239.55809507923,2243.6486612077165,2709756
2021-04-01,2255.967529296875,2300.8216565164616,2249.3380930129347,2300.8216565164616,1532653
2021-04-05,2231.612548828125,2272.9874663102996,2206.5055425437063,2256.8136808458958,2545447
2021-04-06,2264.618896484375,2267.15776635916,2235.515444734996,2240.1700777679343,3683538
2021-04-07,2261.750732421875,2289.7258220339945,2244.9187535272667,2272.7997173947288,1713970
2021-04-08,2266.123046875,2293.4870058099777,2252.676381751424,2262.455816309474,1814515
2021-04-09,2328.279541015625,2334.8619145160733,2279.381909298011,2279.381909298011,2604858
2021-04-12,2315.11474609375,2339.7986462094937,2292.1705650542444,2295.8377955271694,2261945
2021-04-13,2307.968017578125,2356.395477500924,2302.7022567683875,2322.637398239092,1811781
2021-04-15,2313.84521484375,2348.0266314853066,2276.6549887018627,2348.0266314853066,3352379
2021-04-16,2312.19970703125,2331.053551786038,2294.4273899798386,2322.5434370680446,1225517
2021-04-19,2291.277099609375,2312.951961054985,2270.025574404597,2294.427327319083,1746316
2021-04-20,2254.415771484375,2309.4726678482743,2241.5802354983452,2309.4726678482743,1589508
2021-04-22,2209.232666015625,2247.4105266242564,2192.8708569404876,2247.4105266242564,1721265
2021-04-23,2170.067626953125,2209.7969551900524,2162.779998696647,2200.3935638913713,1949756
2021-04-26,2219.81103515625,2228.4152742342876,2173.1232984411777,2185.347704706749,1946867
2021-04-27,2237.86572265625,2244.071821927677,2212.570467374793,2222.0209196556457,1668456
2021-04-28,2262.972900390625,2299.1288895692696,2225.12425507154,2238.00685365025,1951215
2021-04-29,2263.96044921875,2302.8433322322103,2241.9093142459456,2287.84496989818,3151150
2021-04-30,2213.3232421875,2297.1543843632485,2191.2252724832383,2266.2173186072755,4010778
2021-05-03,2264.336181640625,2270.9185542616733,2200.3931333218698,2203.214150159462,1692239
2021-05-04,2264.007080078125,2273.9277023491595,2230.6721087588235,2265.464651429311,1453111
2021-05-05,2251.782958984375,2288.7853948101674,2227.3341421129435,2288.7853948101674,1256857
2021-05-06,2247.41015625,2272.376202017892,2235.2328124062287,2256.8135460251046,1377740
2021-05-07,2267.345458984375,2279.3818446732193,2254.1336494894904,2265.0887371067624,1169518
2021-05-10,2287.750732421875,2300.9625416977688,2271.859094657606,2278.441467862326,988495
2021-05-11,2258.78857421875,2281.262586185062,2251.4068206816096,2280.322247114087,1019077
2021-05-12,2190.002685546875,2246.4700940176504,2186.335454912792,2246.4700940176504,2053932
2021-05-14,2235.044921875,2240.2636198469195,2187.228590228541,2189.955481593597,1388970
2021-05-17,2234.48046875,2252.1118243687533,2225.3121638282482,2242.7084347054183,811243
2021-05-18,2232.599853515625,2264.6655049980773,2225.735332953625,2258.788386293445,1153722
2021-05-19,2218.96435546875,2238.0062150717768,2204.154020221951,2219.199440155207,1323590
2021-05-20,2204.295654296875,2221.0807978805283,2200.39333913651,2219.20011981289,856235
2021-05-21,2221.315673828125,2224.982903885304,2200.3931322924386,2200.3931322924386,771492
2021-05-24,2197.149169921875,2219.1530110279573,2186.5232931445967,2214.498378821858,1194864
2021-05-25,2204.2021484375,2228.4158828458762,2198.513050360532,2214.498816766062,1098457
2021-05-26,2213.55810546875,2228.791552038292,2205.330138849017,2215.2036987926967,811095
2021-05-27,2187.604736328125,2212.617847599742,2184.3135495594897,2212.617847599742,3755182
2021-05-28,2183.185302734375,2209.7969459129185,2180.975643533451,2194.1403912963365,1215325
2021-05-31,2200.440673828125,2205.0953067055334,2181.7277869985096,2186.2885237059127,1178704
2021-06-01,2217.601806640625,2222.021354617589,2191.554458766833,2206.9759286024046,1141451
2021-06-02,2218.07177734375,2232.0356743671796,2209.7967478622945,2215.438782112156,1113091
2021-06-03,2222.25634765625,2229.591038450846,2205.0951593161562,2227.6632974072386,868532
2021-06-04,2202.321044921875,2228.6034745826582,2194.7042070395214,2228.6034745826582,1283795
2021-06-07,2199.735107421875,2213.5580450507437,2191.9302476691946,2213.5580450507437,1128300
2021-06-08,2218.259521484375,2221.08053825608,2195.8323463193437,2199.734890598496,1106664
2021-06-09,2215.4384765625,2230.4368362931727,2205.6590437081554,2221.0805100342213,1072858
2021-06-10,2236.878662109375,2256.766741934217,2214.7336307347464,2222.9615977314256,1944339
2021-06-11,2225.31201171875,2246.0465304241,2219.199808855377,2238.9469257985816,1128097
2021-06-14,2239.6142578125,2249.5592585465947,2213.094255854915,2233.741786675896,1761632
2021-06-15,2265.5185546875,2268.407386959862,2235.257383392599,2235.257383392599,1215463
2021-06-16,2280.62548828125,2290.996888897628,2257.6572710239675,2258.9360065409696,2153668
2021-06-17,2289.906982421875,2297.6735067314335,2260.2613680738546,2271.2483164778314,1555777
2021-06-18,2351.661376953125,2364.731997238113,2277.879026147404,2292.086171840631,3937751
2021-06-21,2381.448974609375,2395.324526366138,2336.6016633235517,2343.184260594821,2506277
2021-06-22,2358.62255859375,2400.0126562319106,2350.477037325548,2385.0005803148906,1945883
2021-06-23,2349.387939453125,2381.1172262790387,2328.2666067516484,2363.1215113628487,1035668
2021-06-24,2358.527587890625,2372.4033688697205,2343.3261307012017,2358.385608962814,759681
2021-06-25,2319.220947265625,2358.337988159711,2315.763968804557,2356.4911060882364,1112942
2021-06-28,2330.160888671875,2334.707220785118,2308.4714090137704,2320.5948842370667,694906
2021-06-29,2360.80126953125,2365.4895810121666,2315.764574804704,2325.2360045585065,1354397
2021-06-30,2340.67431640625,2372.5929861807103,2332.8129840172014,2360.801103215168,1447245
2021-07-01,2347.02001953125,2352.7028767213983,2332.8128765558795,2352.7028767213983,735043
2021-07-02,2355.82861328125,2360.9430925160027,2322.39442221182,2347.020137944898,860231
2021-07-05,2366.957763671875,2380.549126999028,2353.69776165353,2366.9103602745927,761700
2021-07-06,2341.811279296875,2365.916024579727,2338.496278497061,2358.386283295943,461782
2021-07-07,2350.47705078125,2359.1435469306457,2316.5695204479225,2328.0772140195445,623145
2021-07-08,2318.179931640625,2339.2064603176104,2309.5608377132958,2332.055484310135,1114426
2021-07-09,2321.873779296875,2334.2340423232863,2309.5609196700934,2311.0290376420444,538094
2021-07-12,2314.959228515625,2329.876729203352,2301.5572489636147,2323.3415356822,543898
2021-07-13,2307.903076171875,2325.7568124704608,2301.557264939624,2325.235837624188,994396
2021-07-14,2287.2080078125,2312.3072933813464,2281.6671296359013,2310.839175714072,1377829
2021-07-15,2284.84033203125,2296.821597561215,2274.0901673173103,2296.821597561215,693792
2021-07-16,2289.623291015625,2301.557384764388,2278.8259538037523,2292.0859551974563,545405
2021-07-19,2281.3359375,2289.2446741936565,2271.722528363047,2273.1906462879642,463873
2021-07-20,2306.197998046875,2329.971375716284,2275.984234083833,2275.984234083833,1061476
2021-07-22,2252.447998046875,2375.4346071852483,2249.938161630206,2320.500314036626,3546044
2021-07-23,2233.4580078125,2265.3292773682138,2230.23758286073,2256.094633089196,1517589
2021-07-26,2224.5546875,2235.2574495011836,2214.420303785495,2232.652806286723,1311535
2021-07-27,2218.58740234375,2234.7362347875933,2208.7372088296697,2224.554448769189,1656945
2021-07-28,2236.58349609375,2243.2609008145637,2219.2509633426566,2225.7861578649286,912373
2021-07-29,2211.341796875,2246.054490270062,2206.8428682808653,2236.583061650831,1012663
2021-07-30,2209.96875,2231.989824170596,2195.4774162340696,2216.3145616858164,1708251
2021-08-02,2209.4951171875,2229.006123190957,2201.728591254626,2218.2087860691654,1229936
2021-08-03,2260.688232421875,2266.513069043459,2203.1492984710226,2206.843063464797,1733476
2021-08-04,2251.453125,2268.170102054084,2242.407865484347,2260.687766818573,1588974
2021-08-05,2233.0791015625,2264.6190110756406,2229.57471855795,2264.6190110756406,921757
2021-08-06,2246.1494140625,2254.910485991692,2232.8894133048047,2233.078795639845,1432661
2021-08-09,2258.462158203125,2268.4071582707,2249.322322064012,2253.6790404948433,921476
2021-08-10,2255.9052734375,2267.4603719428737,2234.4051733007977,2267.4603719428737,1061370
2021-08-11,2264.09765625,2268.4072026107306,2237.3408698308963,2263.67148820027,1300594
2021-08-12,2265.849853515625,2285.9292353978694,2251.7846899022275,2268.4070929264126,1226064
2021-08-13,2277.405517578125,2282.283211906528,2261.7776568835775,2274.0905168247364,1033159
2021-08-16,2298.147705078125,2308.045534513348,2266.181628516934,2276.931794166021,1146309
2021-08-17,2352.513916015625,2355.9708955981087,2302.5521209313656,2304.399003601954,1921902
2021-08-18,2354.644775390625,2367.8573732863483,2324.2887976178795,2353.65022904663,1545643
2021-08-20,2480.9462890625,2490.9860973867053,2345.1260749541757,2358.3860769934968,5779927
2021-08-23,2494.916259765625,2531.570873254156,2457.362138047828,2486.2499951341483,2163220
2021-08-24,2493.827392578125,2517.505966377765,2472.043104682456,2494.774535530111,1482854
2021-08-25,2505.193115234375,2525.5092853659044,2482.130091792514,2492.8802568230153,1746570
2021-08-26,2525.461669921875,2555.202094944587,2491.932904634442,2491.932904634442,2117291
2021-08-27,2536.4013671875,2547.814485759398,2510.970718218122,2527.9244841977074,1176229
2021-08-30,2545.635986328125,2562.7319623249323,2530.387124018879,2549.329982467183,1168190
2021-08-31,2580.112060546875,2592.7562794916316,2534.2228021568526,2545.8253026556017,2535891
2021-09-01,2588.446533203125,2628.3213386185653,2571.4927691349208,2599.9070538767432,1775792
2021-09-02,2652.99462890625,2661.471511494582,2585.8420595009275,2602.748652522104,1946183
2021-09-03,2620.46044921875,2660.2878579679877,2610.32606553085,2654.0840251717054,1561823
2021-09-06,2633.625732421875,2675.6787861594767,2628.6058286289467,2642.5287834990936,1444978
2021-09-07,2630.87890625,2660.2403374799433,2623.5859518368734,2641.2029030692674,1219915
2021-09-08,2652.852294921875,2661.471387282582,2618.9447661510258,2641.486580812483,946711
2021-09-09,2662.087158203125,2674.4000161751487,2634.9516060130527,2634.9516060130527,879454
2021-09-13,2639.07177734375,2673.263498139879,2628.3216126677817,2649.632328446169,1341412
2021-09-14,2616.530029296875,2655.7890617260273,2605.637884428883,2653.8947756620287,1755061
2021-09-15,2628.748046875,2637.7933089572416,2603.7435636579557,2627.374735744125,1362350
2021-09-16,2621.928466796875,2649.44301569394,2606.5373938860293,2606.5373938860293,1259196
2021-09-17,2578.35986328125,2635.8987967716844,2556.3387899700956,2623.6807453644396,3095032
2021-09-20,2652.33203125,2660.524725825123,2566.804970854684,2576.2289975949925,2671330
2021-09-21,2663.792236328125,2708.165977576723,2648.827330949301,2661.4717822669586,2277437
2021-09-22,2637.319580078125,2689.7912077260285,2627.3745789681157,2678.4254921717325,1580594
2021-09-23,2635.23583984375,2668.7646073188866,2626.2853853363767,2651.053080644325,1054473
2021-09-24,2601.47021484375,2633.0575262229077,2587.026284169326,2623.680903066403,1635284
2021-09-27,2566.28369140625,2618.8501224352394,2561.547976899134,2618.8501224352394,1465932
2021-09-28,2579.87548828125,2608.857924612047,2566.6626587740675,2580.964610209476,1078052
2021-09-29,2543.363037109375,2599.386450707187,2535.5017042930035,2571.4457333830765,1503894
2021-09-30,2558.990478515625,2562.3054783353523,2540.1896013293276,2543.3626222226244,1620199
2021-10-01,2561.12158203125,2568.651321183529,2538.437557798242,2562.968464278256,956111
2021-10-04,2544.215087890625,2580.0171340151373,2538.058659340295,2557.285705521612,1025005
2021-10-05,2565.478515625,2571.445562123685,2544.0258215010326,2544.215203833233,562784
2021-10-06,2544.0732421875,2589.488698163008,2534.554409760135,2551.6503854154826,862471
2021-10-07,2528.30322265625,2561.31124597146,2525.0830292169408,2555.3916027109176,1082816
2021-10-08,2500.5048828125,2536.9698877206506,2486.629099346062,2529.3453404471848,1579941
2021-10-11,2505.287841796875,2524.609464959993,2496.1951772283105,2502.540988574506,1086252
2021-10-12,2534.696533203125,2545.9676731389477,2486.2502634217367,2486.2502634217367,1174337
2021-10-13,2506.8505859375,2551.2243253389543,2502.920035216044,2546.015039149229,1660007
2021-10-14,2509.502685546875,2535.2649279105376,2481.51456472424,2506.8506390014813,2158809
2021-10-18,2513.71728515625,2537.301051139742,2503.346116530644,2531.523618125745,1758177
2021-10-19,2412.18359375,2587.5944132941795,2387.273689131764,2528.776746471216,5431133
2021-10-20,2347.6357421875,2447.4173428350514,2339.4430482982107,2433.210198817046,4864654
2021-10-21,2316.474609375,2372.592822849586,2299.6628239037104,2371.077301805643,3254632
2021-10-22,2324.383544921875,2366.199812569526,2301.5573079331325,2329.024452760318,1845622
2021-10-25,2326.041015625,2333.3339698086384,2282.614420565053,2324.3835155270795,1560381
2021-10-26,2322.229248046875,2352.7715427539174,2303.3605238091177,2352.7715427539174,1595060
2021-10-27,2283.87255859375,2339.716083557649,2278.6787210714333,2339.52553737727,3083879
2021-10-28,2277.249267578125,2302.359950331048,2256.6176996622194,2287.1125334414382,2015791
2021-10-29,2280.58447265625,2289.018292567225,2261.3823514829414,2287.1123655958954,2453400
2021-11-01,2293.87841796875,2297.4994929600393,2256.855694802222,2280.441540235075,1941114
2021-11-02,2305.123046875,2313.795106771282,2289.018058675708,2301.406582723495,1350154
2021-11-03,2297.928955078125,2319.51348835514,2273.9617800556866,2319.51348835514,1591607
2021-11-04,2308.887451171875,2315.701046373063,2306.1714124373716,2314.748082979494,245719
2021-11-08,2317.511962890625,2333.8077326493903,2287.2079081432066,2333.8077326493903,2555533
2021-11-09,2316.797119140625,2331.13926634196,2302.788602227013,2325.0403930069647,1696949
2021-11-10,2287.25537109375,2306.171790620988,2283.3006654247465,2297.642813381313,1794509
2021-11-11,2264.431884765625,2293.735513200683,2254.902249502192,2289.6854182137236,1282647
2021-11-12,2291.829345703125,2300.0726189354273,2264.4316471951547,2275.6766621576694,1651974
2021-11-15,2310.698486328125,2315.7015452221235,2291.019881074583,2291.019881074583,1007999
2021-11-16,2293.449462890625,2320.1324402935284,2287.2077382309826,2320.1324402935284,1245209
2021-11-17,2278.6787109375,2296.689861717019,2274.914551427562,2290.9243856792064,956809
2021-11-18,2286.540771484375,2293.16405463792,2258.5237346740546,2277.5830066966205,1236943
2021-11-22,2276.200927734375,2296.5465580899545,2265.337004654022,2296.0700763581085,1629290
2021-11-23,2281.58544921875,2287.1126847382943,2226.5994949545934,2275.486575122301,1932539
2021-11-24,2263.050048828125,2292.8301579031345,2255.6645817775225,2292.8301579031345,999070
2021-11-25,2238.55908203125,2274.7240023575855,2230.8876788936354,2274.7240023575855,1363272
2021-11-26,2225.265380859375,2253.7588992500446,2215.8309016868425,2233.746663781017,2450902
2021-11-29,2219.833251953125,2232.078926918376,2177.2358268084895,2224.598069813982,1724612
2021-11-30,2208.54052734375,2249.946743413481,2193.721898914796,2212.781168236384,3931035
2021-12-01,2234.556884765625,2245.897059021047,2213.9727770746354,2229.934918047841,1263139
2021-12-02,2271.1982421875,2275.67712467029,2234.699689008304,2246.1352524488584,1673117
2021-12-03,2233.4130859375,2277.487653184643,2227.933545144612,2271.1982329123034,1890178
2021-12-06,2198.010498046875,2252.7582092058005,2192.7691983550226,2233.7466323095055,1079171
2021-12-07,2212.400390625,2231.5071247121327,2203.2518469864262,2218.403875189614,895313
2021-12-08,2230.50634765625,2234.17511735029,2209.2075214522683,2209.2075214522683,839769
2021-12-09,2229.696533203125,2238.1303539372416,2212.352642602678,2230.8877376764676,716666
2021-12-10,2223.073486328125,2236.6055226349686,2210.875505970655,2236.6055226349686,724539
2021-12-13,2195.96142578125,2241.370041249683,2192.7689051511566,2241.370041249683,1804894
2021-12-14,2209.25537109375,2215.5924854278524,2195.627946250099,2196.5809097684364,1219031
2021-12-15,2211.78076171875,2215.449764543448,2192.292703151523,2207.063638556369,755122
2021-12-16,2200.869140625,2215.9260100279826,2195.5801468190757,2211.7805258580993,926493
2021-12-17,2125.346923828125,2200.345107497475,2121.2968288045763,2194.6750209959296,2439222
2021-12-20,2162.369873046875,2167.3729321209203,2097.6158080485225,2121.2970473951914,2175705
2021-12-21,2165.943115234375,2194.388935211501,2146.788456430001,2182.2863456773734,1591415
2021-12-22,2170.51708984375,2208.397386649904,2162.27404913619,2191.815915827782,1661605
2021-12-23,2192.435546875,2196.5810314722976,2167.6110319725612,2190.8155553354904,1423081
2021-12-24,2188.90966796875,2204.204780094867,2175.9018080491987,2201.345889329504,895503
2021-12-27,2193.150146484375,2199.535188178397,2171.0891341133442,2188.9095053622013,584302
2021-12-28,2200.488037109375,2209.3504112364512,2189.6718086843052,2201.3456111677706,783710
2021-12-29,2198.343994140625,2212.638446972914,2190.9108321364124,2206.0151643682657,1410236
2021-12-30,2216.2119140625,2220.40486022068,2188.6234357894473,2199.4396641155918,963711
2021-12-31,2249.13671875,2258.8571326071806,2220.404962194743,2229.9345972256215,1123597
2022-01-03,2250.233154296875,2266.147601010558,2242.3235093262583,2266.147601010558,879278
2022-01-04,2288.303466796875,2294.831359442245,2244.562537839523,2257.522701066065,1484275
2022-01-05,2302.16943359375,2306.1718340470356,2279.488854148971,2290.7338707802937,1202512
2022-01-06,2278.9169921875,2298.548134826395,2256.3318020707547,2285.2066448232567,1198901
2022-01-07,2302.502685546875,2307.9822257149135,2275.676855874017,2275.676855874017,1026186
2022-01-10,2293.8310546875,2310.9367045879735,2289.0185420289945,2310.9367045879735,919447
2022-01-11,2290.590576171875,2304.5516307513817,2279.488644690133,2303.455583154867,1321335
2022-01-12,2299.643798828125,2302.3598378917923,2285.6829764832214,2293.9737124806325,1487554
2022-01-13,2300.64453125,2307.9823039750254,2290.20962702063,2304.265839232657,1586299
2022-01-14,2252.519775390625,2307.124630398643,2249.7562743071817,2306.1716668999243,1596037
2022-01-17,2277.154296875,2281.585484707752,2234.6997204727577,2252.806029508571,912205
2022-01-18,2258.047119140625,2295.4032435610115,2246.516167187042,2295.4032435610115,1667579
2022-01-19,2201.250244140625,2257.1893864089266,2196.6285108679044,2252.805661348539,2145255
2022-01-20,2155.4130859375,2216.1645145616653,2137.4973239843603,2215.6403380577967,2829711
2022-01-21,2216.021484375,2224.5506948053703,2144.1681212845824,2158.272029236014,4596050
2022-01-24,2177.140625,2234.651835796348,2160.082437816797,2228.8863597725763,2231103
2022-01-25,2217.7841796875,2223.930747382737,2135.495693063157,2176.092028925301,1843543
2022-01-27,2187.38525390625,2216.212404935728,2167.9923501508333,2201.3460786146925,2620474
2022-01-28,2176.139892578125,2209.6364672425225,2170.898593218244,2186.6701860053086,1967721
2022-01-31,2166.801025390625,2203.1090322819036,2164.180375442379,2182.2866841757145,1639875
2022-02-01,2197.2001953125,2210.875314566735,2171.2319400013175,2194.960870687266,1270508
2022-02-02,2218.403564453125,2223.26377120355,2188.5282993207516,2214.7824893998168,1246111
2022-02-03,2190.053466796875,2222.2636868693107,2182.286905588756,2219.452490443761,1448039
2022-02-04,2198.10595703125,2203.9665901729436,2175.615922760709,2197.5340858021004,1014561
2022-02-07,2151.41064453125,2207.7306518149817,2131.7795019643936,2187.289629809465,1207402
2022-02-08,2157.843017578125,2161.3212413278247,2140.8802205636193,2161.3212413278247,1190660
2022-02-09,2170.51708984375,2173.0902772619156,2149.504432080725,2160.892298677195,1049611
2022-02-10,2175.7587890625,2177.5218648167806,2149.7430684444435,2172.7570467318424,1195100
2022-02-11,2151.7919921875,2171.8042294930524,2143.215319056549,2171.8042294930524,2100036
2022-02-14,2123.72705078125,2131.0648238781587,2103.190638926371,2115.57916557161,1661501
2022-02-15,2182.3818359375,2195.770787180221,2118.0091040512107,2142.2142842380144,1533070
2022-02-16,2178.950927734375,2195.389547241665,2167.9918480628485,2182.3816892161244,995668
2022-02-17,2199.010986328125,2204.204590908009,2168.944941161534,2174.662722201503,869374
2022-02-18,2203.775634765625,2218.3083271271184,2186.0981165420303,2186.0981165420303,890713
2022-02-21,2186.86083984375,2195.6757528375356,2177.2835094650236,2189.910276726392,737919
2022-02-22,2163.179443359375,2172.756773035095,2144.263257539275,2172.756773035095,902667
2022-02-23,2154.07861328125,2166.9913153032758,2146.3120537796326,2163.227155990572,1324411
2022-02-24,2069.264892578125,2136.544210098117,2058.687137109014,2096.5197422907486,2997629
2022-02-25,2068.597900390625,2092.7079243750018,2060.4500156290537,2091.754960839312,2193728
2022-02-28,2069.93212890625,2077.3650581433835,2020.2826370738105,2062.2130314281726,2334036
2022-03-02,2048.013916015625,2053.445761341648,2023.1891707322063,2028.8115622235614,2034688
2022-03-03,1992.6468505859375,2065.977351712374,1988.4539038866744,2056.4000211788502,2372998
2022-03-04,1924.5098876953125,1980.2105606171158,1882.34125064133,1977.3993646782735,6320118
2022-03-07,1852.5133056640625,1887.0106533487287,1836.3606212509037,1886.3912038226072,2976453
2022-03-08,1857.325927734375,1865.902599540229,1812.1078545782675,1834.0260158598944,3211938
2022-03-09,1903.92578125,1912.645420455225,1859.2317702724608,1871.6202956510062,2879079
2022-03-10,2003.081787109375,2014.565044989963,1952.6224111563076,1955.3859125260349,4879791
2022-03-11,1995.88671875,2010.9435890145405,1972.6345017439783,2001.2234075663548,2481643
2022-03-14,1962.4378662109375,1996.458618087983,1949.8586776745376,1996.458618087983,1730325
2022-03-15,1942.3302001953125,1982.9265392156476,1929.7511282610328,1948.8103986636108,2391023
2022-03-16,1974.6832275390625,1982.1640840923492,1936.4695307044299,1963.1048140529997,2808685
2022-03-17,2003.177001953125,2017.1378243760828,1984.4036672510804,1999.4128426027094,2995889
2022-03-21,1954.7186279296875,2011.6105006968874,1949.763264404946,2007.4175544814364,1674982
2022-03-22,1899.7327880859375,1957.1488404973636,1876.3851817111668,1957.1488404973636,5356303
2022-03-23,1885.486083984375,1921.6986989919371,1882.3412577286106,1917.3626682951344,3212162
2022-03-24,1873.4310302734375,1897.683905624281,1859.5653643554936,1877.338157487777,3054664
2022-03-25,1861.1378173828125,1884.0089426348286,1853.514108965474,1882.007742440989,2233647
2022-03-28,1882.1982421875,1887.6302040979865,1840.4585094293955,1867.760821462614,1794533
2022-03-29,1893.586181640625,1901.0192271923027,1881.197656059276,1886.8677423900874,1249125
2022-03-30,1921.0792236328125,1924.0333873412258,1901.209957088685,1905.9270800804613,1476829
2022-03-31,1952.2886962890625,1957.3871443774303,1923.0804563552358,1924.4146285995885,2540524
2022-04-01,1980.401123046875,1987.7391285619522,1942.5209379821943,1958.2447203451686,1714996
2022-04-04,2028.3349609375,2032.1468146478883,1972.8248412799726,1980.2580025466468,1693019
2022-04-05,2039.1512451171875,2056.495133446158,2026.953266376264,2043.630126818946,1277652
2022-04-06,2041.29541015625,2062.594003727427,2021.5214185149648,2034.5769712840574,1736115
2022-04-07,2062.9755859375,2072.695767834541,2034.6726143978044,2039.2943481249094,1824732
2022-04-08,2080.366943359375,2090.3253650590323,2061.736461046372,2075.2684957476117,1693462
2022-04-11,2061.307861328125,2090.897426201444,2038.2936519123798,2085.084255461123,1380107
2022-04-12,2031.9566650390625,2063.166223383548,2025.047678840665,2040.199707233608,1370233
2022-04-13,2050.92041015625,2063.1660848311426,2030.479388549277,2037.150133396306,1071601
2022-04-18,2075.220947265625,2080.2240058203624,2034.62484030145,2046.9656715383803,1828131
2022-04-19,2013.65966796875,2103.047695139922,2002.2241054135584,2082.8923765421273,1775996
2022-04-20,2063.118408203125,2066.644326836032,1994.266791142883,2014.94605381848,1511804
2022-04-21,2094.56591796875,2100.0931523770987,2066.024709859807,2082.225088119778,2244813
2022-04-22,2026.90576171875,2086.0371961069272,2020.2827116247993,2079.3664513043923,3520828
2022-04-25,2001.93798828125,2060.3070001971023,1950.7162023142776,2001.223265686362,2437310
2022-04-26,2047.2991943359375,2056.4475041899614,2021.2355499803286,2041.4383293138699,1447088
2022-04-27,2044.2020263671875,2051.158473551436,2004.5586530724431,2046.7749811969736,2214481
2022-04-28,2136.401123046875,2144.167681809262,2063.1657916075787,2125.108413526513,5865359
2022-04-29,2129.73095703125,2182.2868105186553,2118.009457325419,2138.8315739799664,2678692
2022-05-02,2125.5849609375,2146.0736749747816,2102.1419671622393,2115.578844779758,1543544
2022-05-04,2069.408447265625,2144.978518055408,2047.5854381187903,2136.497001211435,1608395
2022-05-05,2064.69091796875,2098.3780398257973,2052.302391833895,2075.554609362622,1101451
2022-05-06,2048.109130859375,2067.9308184152374,2007.1316998953864,2025.0474604296678,1585602
2022-05-09,2017.08984375,2038.769760629263,2010.8955817844962,2021.711809202475,1341414
2022-05-10,2077.84130859375,2094.5181681282347,2019.3294487755907,2033.6238998051488,2162232
2022-05-11,2061.736328125,2086.7039228216286,2016.4705663565983,2082.225041346487,1858636
2022-05-12,2038.1986083984375,2063.0233568826575,2009.9907925792438,2063.0233568826575,1531515
2022-05-13,2090.89697265625,2113.6727035860777,2052.8259008190257,2067.930462931374,2057239
2022-05-16,2112.95849609375,2117.4373783848037,2070.122829737853,2096.5198743516744,1396818
2022-05-17,2139.403076171875,2169.897908438022,2116.817887556181,2132.636942199981,2055096
2022-05-18,2183.620849609375,2193.7223575244307,2130.9221450439086,2130.9221450439086,2137455
2022-05-19,2158.033447265625,2176.3779938484486,2139.8317521387908,2139.9748362518744,1734602
2022-05-20,2216.54541015625,2237.5583018992893,2175.3297387094253,2182.2864188029694,2599505
2022-05-23,2267.862548828125,2275.6768028760953,2197.867427364885,2200.3926875380666,2363306
2022-05-24,2201.01220703125,2268.05328695861,2193.7698235243097,2268.05328695861,3078655
2022-05-25,2190.576904296875,2220.3570103191414,2178.9507974371977,2220.3570103191414,1884260
2022-05-26,2172.947509765625,2188.0043808692335,2151.7917648095513,2182.429450860354,2299127
2022-05-27,2220.977294921875,2225.0748527110213,2173.233720432284,2188.9576215009674,1011303
2022-05-30,2238.46337890625,2253.7584883288628,2221.357732048448,2232.0308758211677,939562
2022-05-31,2242.5615234375,2256.5223466896873,2195.532678146184,2248.9940275416975,3123979
2022-06-01,2199.8681640625,2300.2629444636127,2193.7215970834054,2258.5231038608476,2197599
2022-06-02,2177.3310546875,2198.4391031821933,2150.9814742776225,2187.0512358710616,1460335
2022-06-03,2184.144775390625,2215.5925727349945,2158.6053055613497,2176.5687616527234,1845303
2022-06-06,2173.233154296875,2193.67417382977,2141.880749759902,2165.323511106538,2131405
2022-06-07,2107.573974609375,2153.5544592289357,2103.2379445542488,2144.1676765598295,2034730
2022-06-08,2093.708984375,2114.578796748415,2083.1786887535745,2110.8146365915677,1506843
2022-06-09,2094.328125,2104.4773272628945,2068.645801679868,2093.6610969898284,1497867
2022-06-10,2096.424560546875,2104.9537710145087,2061.069750075733,2061.2602962670308,1641981
2022-06-13,2093.5654296875,2112.7200891881785,2054.5893154216114,2066.0248774740508,1519441
2022-06-14,2068.8837890625,2109.813525460712,2058.4011904076465,2087.800207879784,1592475
2022-06-15,2063.644287109375,2075.5171547688415,2048.694824623769,2075.3249262700156,1432377
2022-06-16,2063.78857421875,2080.420448219316,2052.5886227142696,2062.154279773767,1353485
2022-06-17,2028.9385986328125,2076.9593459981634,2018.8922531723708,2076.574888977296,3252189
2022-06-20,2111.088134765625,2117.8177752777387,2026.7272840601977,2029.467303010338,2022000
2022-06-21,2119.8369140625,2145.794100765306,2088.2555763562523,2110.223141209609,1606187
2022-06-22,2117.77001953125,2138.9682006300864,2101.618834403983,2104.6470789291743,1741378
2022-06-23,2165.598388671875,2170.1649304015386,2107.4350676940553,2122.720871388857,1585753
2022-06-24,2214.9169921875,2229.241654296627,2172.7607398442938,2177.51951037505,1930048
2022-06-27,2231.02001953125,2241.7876324915724,2209.2930345254936,2226.40559650396,1450391
2022-06-28,2228.1357421875,2234.240581205664,2189.873117937555,2231.019873746716,1404108
2022-06-29,2147.188232421875,2211.0717114881486,2139.064640616619,2207.5146621740964,1682914
2022-06-30,2144.4482421875,2162.137490152178,2127.9123652986177,2138.9682039543536,2387212
2022-07-01,2194.199462890625,2204.438036730147,2118.4910043679474,2140.0257609076784,1235612
2022-07-04,2283.463134765625,2286.4434980435576,2188.09456111785,2188.09456111785,2410245
2022-07-05,2308.747314453125,2318.841774916068,2280.002230447902,2292.4039022750267,2463079
2022-07-06,2401.90478515625,2412.191709318827,2307.305359309073,2307.305359309073,4770394
2022-07-07,2377.43798828125,2433.24598845536,2370.275774214417,2408.250178222314,3333262
2022-07-08,2400.41455078125,2407.0960748086027,2358.0658417943105,2380.802316748807,1346970
2022-07-11,2394.406494140625,2427.477780714166,2384.215800463814,2390.945441836091,1587197
2022-07-12,2354.94189453125,2394.4064810189407,2350.0387762452406,2379.4089007298353,1116476
2022-07-13,2401.280029296875,2422.0458718082614,2366.333872329627,2368.8335470673605,2528792
2022-07-14,2401.327880859375,2425.4583063835616,2372.8710234694245,2406.086650787133,1663307
2022-07-15,2469.297119140625,2474.4884616755917,2405.413656810181,2432.2841002241703,2996964
2022-07-18,2454.876953125,2504.3878844294595,2435.2168341415,2481.314829064275,1566888
2022-07-19,2468.768310546875,2475.546066136208,2425.314111978687,2451.463522511748,1473121
2022-07-20,2503.9072265625,2516.8858203649934,2437.668423188353,2475.5465956607554,4012897
2022-07-21,2506.74267578125,2528.325544762667,2491.6009864361445,2515.923874040682,1990695
2022-07-22,2538.61279296875,2541.112232925777,2510.2040490417494,2515.924196585434,1905780
2022-07-25,2522.26953125,2551.4953067418955,2511.1174608929277,2543.32359984389,1253821
2022-07-26,2448.724365234375,2523.615567623337,2440.0719690025235,2523.615567623337,1685576
2022-07-27,2482.22802734375,2490.447850050498,2427.477638053467,2437.427986810781,1404133
2022-07-28,2518.904541015625,2523.615195496057,2485.160106802784,2523.615195496057,1442054
2022-07-29,2535.536376953125,2542.842938259468,2495.7354509344345,2538.03605179773,1463059
2022-08-01,2492.851318359375,2536.1132965029046,2480.3534135623554,2535.6326078568654,1559918
2022-08-02,2533.46923828125,2537.170634344807,2498.6193151666703,2499.580692356038,1359934
2022-08-03,2524.9130859375,2561.1088433869113,2497.5617170144787,2514.241705205563,1767904
2022-08-04,2526.451416015625,2541.3527640914435,2514.0016269848534,2532.2677955939207,1189384
2022-08-05,2543.227294921875,2555.004166288352,2526.066851757469,2536.113197123766,1176666
2022-08-08,2547.986328125,2555.340770317601,2524.62481364373,2543.2273228943504,1024511
2022-08-10,2540.72802734375,2573.3186245957722,2529.5759565511726,2547.9864730494464,1098949
2022-08-11,2512.751708984375,2564.714197066707,2505.9260712339797,2553.466130015636,810674
2022-08-12,2494.7255859375,2524.6726249565677,2485.2561618462687,2523.518784608755,1473527
2022-08-16,2542.362548828125,2546.063945723788,2490.4962847439956,2507.224157715074,1584117
2022-08-17,2580.961669921875,2589.9506422417817,2542.3624622896778,2548.611415212681,1711381
2022-08-18,2578.462158203125,2610.139494816751,2561.73405155323,2581.2981744320355,1465489
2022-08-19,2532.79638671875,2594.708985431325,2525.0572532018696,2585.1433290918817,1324508
2022-08-22,2525.249755859375,2563.801080220273,2518.9048063832824,2545.7271396880906,1410895
2022-08-23,2492.61083984375,2528.133681931384,2485.4005105413385,2501.551695120989,1305045
2022-08-24,2488.28466796875,2509.194623161765,2462.375598016665,2476.507796653144,1242489
2022-08-25,2474.777587890625,2526.8841945914214,2466.365535872605,2500.7347769748017,1106593
2022-08-26,2472.22998046875,2513.713319390009,2463.0487798000754,2499.484887615187,1048791
2022-08-29,2476.315673828125,2507.1757440515466,2451.512092770782,2451.512092770782,1450034
2022-08-30,2557.119384765625,2563.9931382521445,2485.737123605062,2488.7172522678475,2227943
2022-09-01,2505.34912109375,2552.4566064865335,2493.8125940587825,2547.649720221964,1702269
2022-09-02,2503.0419921875,2521.692617625122,2485.160280808593,2514.0015993479583,937600
2022-09-05,2500.157470703125,2521.115304473278,2486.217502248203,2496.6964191332795,1274074
2022-09-06,2473.719970703125,2518.808471207803,2464.009966299847,2491.1207586278488,1250776
2022-09-07,2465.548583984375,2496.6008863620505,2461.895302907213,2472.4704543503617,1344964
2022-09-08,2477.613037109375,2495.7350903362503,2464.009644272654,2480.353055881173,1004533
2022-09-09,2488.71728515625,2544.765626787472,2483.67005450244,2497.658140685248,1785443
2022-09-12,2480.737548828125,2504.387521030212,2474.584828841369,2490.928240686864,1595709
2022-09-13,2486.698486328125,2508.2332428227887,2479.3919253506983,2497.6580930830223,1342130
2022-09-14,2472.085205078125,2505.348949636998,2448.339235498485,2451.511827158229,1610054
2022-09-15,2461.510009765625,2498.427033884096,2452.473158260991,2480.353096163605,1199906
2022-09-16,2430.505859375,2464.8272157975057,2421.372775279529,2456.31893304512,2516820
2022-09-19,2479.63232421875,2488.044375333188,2411.1823095212303,2433.245870930564,1166725
2022-09-20,2483.766357421875,2520.2505788246153,2479.9689640489028,2498.2351326537732,1253333
2022-09-21,2522.26953125,2544.525321446538,2480.3533878651433,2482.27614242938,1960049
2022-09-22,2588.74853515625,2596.9202416083263,2518.856457502505,2521.7887049952033,2620240
2022-09-23,2578.462158203125,2618.551546595626,2570.7230236243063,2593.6998483129564,1789791
2022-09-26,2557.792236328125,2623.5984607821915,2540.9681348024055,2565.4351383647045,2678551
2022-09-27,2575.770263671875,2608.937782229934,2550.9185653025615,2572.645787285971,1898501
2022-09-28,2597.73779296875,2604.1308583673613,2549.620810369354,2566.829370795795,1526197
2022-09-29,2596.247314453125,2621.675695136977,2587.162346610244,2606.389891129034,2019666
2022-09-30,2592.305419921875,2610.0427817443556,2564.8580548098257,2602.4479959951686,1340054
2022-10-03,2521.2119140625,2628.4054806661106,2516.453143473917,2617.830330597593,1683197
2022-10-04,2564.906494140625,2573.126316913104,2532.411894793494,2547.6498187258458,1327939
2022-10-06,2513.0400390625,2588.315921910865,2504.435759933741,2577.7407725498524,1752351
2022-10-07,2499.29248046875,2512.078845299436,2475.546508475334,2511.021236401606,1025923
2022-10-10,2504.96484375,2509.867727264783,2443.8211521945386,2470.73971720691,1043728
2022-10-11,2452.136962890625,2509.723605080104,2446.705274927059,2509.1948006128187,1129783
2022-10-12,2491.26513671875,2504.0033858234847,2455.5498295341954,2464.4425694752367,882873
2022-10-13,2467.278564453125,2506.4546887234096,2463.9137439636525,2483.237521230551,753331
2022-10-14,2476.315673828125,2523.519158003352,2470.931867112441,2489.9671844220884,1001536
2022-10-17,2490.495849609375,2509.1464741328396,2468.8167459609667,2474.2005523755956,778918
2022-10-18,2501.744140625,2539.9588892424827,2496.696909675521,2518.808588120857,1123374
2022-10-19,2483.237548828125,2516.4050654501034,2478.8151193940266,2514.2900823468945,1241979
2022-10-20,2500.446044921875,2509.194671953799,2468.960939363834,2468.960939363834,1428125
2022-10-21,2551.399169921875,2563.752962340578,2505.349290282009,2505.349290282009,2458302
2022-10-24,2473.719970703125,2538.036016789542,2451.5120616717168,2509.2909300293422,719908
2022-10-25,2408.634521484375,2486.1216234309522,2403.443178104169,2486.1216234309522,2923789
2022-10-27,2421.709228515625,2432.2843779851255,2391.9065345561235,2397.674797903124,1846329
2022-10-28,2426.75634765625,2452.376955629753,2414.979477196197,2428.5349893245034,1164951
2022-10-31,2452.1845703125,2472.6619498879513,2443.86875211824,2446.704767676841,1324443
2022-11-01,2469.70263671875,2492.9789388848667,2465.6378078588114,2486.349224988909,1280132
2022-11-02,2437.280517578125,2481.5101957283973,2420.9240878549267,2481.5101957283973,1338284
2022-11-03,2464.427978515625,2466.9926272189914,2427.602089961562,2434.763919904352,730444
2022-11-04,2439.2646484375,2464.089334532169,2434.328632632379,2463.0730681856953,889055
2022-11-07,2451.31396484375,2469.896208812717,2436.0222404316646,2449.6687050653095,1283685
2022-11-09,2428.086181640625,2463.0246198479595,2412.455622509976,2429.247527623711,1436444
2022-11-10,2432.731689453125,2456.346589733623,2420.5854051190213,2423.4404494456235,1459152
2022-11-11,2422.521240234375,2464.863703306527,2414.7301797718856,2463.1215661400597,1162847
2022-11-14,2378.726806640625,2432.8767155179685,2376.1619216383187,2426.1503607173554,2137131
2022-11-15,2378.4365234375,2389.5665417567393,2365.515929395961,2378.726918998691,1558333
2022-11-16,2398.1318359375,2403.1160538182335,2349.9824103726764,2384.2918532918084,1330395
2022-11-17,2380.856201171875,2417.633654685912,2375.2911917585666,2400.1643170095313,960476
2022-11-18,2403.793212890625,2408.4872709721776,2370.0645649065696,2390.53402285507,1075675
2022-11-21,2420.923828125,2431.1828950468557,2390.5825750878134,2403.7933271169477,1354881
2022-11-22,2434.763916015625,2442.7969325836275,2416.6655866328515,2425.279158005913,921265
2022-11-23,2426.682861328125,2443.764925600573,2421.5048886545087,2439.8936148273447,734152
2022-11-24,2467.1376953125,2477.6387195562857,2430.360245569086,2436.0221316887387,999929
2022-11-25,2455.814208984375,2473.1866679438544,2437.1835268299874,2472.7996314005195,783480
2022-11-28,2443.958251953125,2460.701716989653,2440.667732568715,2445.700388921476,830905
2022-11-29,2549.451416015625,2555.0164247142125,2445.893862841913,2445.893862841913,2542932
2022-11-30,2597.98828125,2611.1990343333005,2538.611959620551,2549.258063911754,3698270
2022-12-01,2577.179931640625,2596.681564117248,2561.6946893648606,2593.778081190542,1675569
2022-12-02,2530.966064453125,2574.4214294049825,2523.271645964232,2574.4214294049825,2101890
2022-12-05,2535.5634765625,2540.5476946680924,2501.9796665793747,2516.35200233792,1640511
2022-12-06,2569.14697265625,2574.373147527283,2520.078157350038,2522.933201701548,1484562
2022-12-07,2620.248046875,2632.2974527756387,2570.79196389747,2574.469755893616,2368561
2022-12-08,2618.409423828125,2623.8293535041967,2599.343265248829,2608.344110185205,1314703
2022-12-09,2634.6689453125,2653.396505743646,2624.022840656999,2637.0400759103773,1883397
2022-12-12,2629.829345703125,2636.3621815053134,2602.149383937965,2615.2634941758574,1163204
2022-12-13,2623.103515625,2632.491397247678,2611.0056691302957,2629.5879140889488,1265839
2022-12-14,2598.278564453125,2632.491368480709,2585.4066449522707,2632.491368480709,886858
2022-12-15,2577.56689453125,2596.923446822858,2563.2429985782524,2582.5029098800255,990722
2022-12-16,2585.35791015625,2601.230188251256,2567.937013389813,2582.164031825196,1793864
2022-12-19,2630.652587890625,2632.491366021583,2585.358203894512,2585.358203894512,1546941
2022-12-20,2588.50341796875,2618.9899881122933,2567.888642328765,2618.9415494739046,827567
2022-12-21,2580.422119140625,2608.4406832843656,2564.8402352281364,2601.472371229423,779092
2022-12-22,2560.2431640625,2602.0048358364666,2557.000846672845,2590.3909031490803,852567
2022-12-23,2536.773193359375,2564.3078432377715,2524.1429950434767,2547.3224204188773,1189702
2022-12-26,2533.240234375,2552.9840586411433,2522.8845265983123,2536.627630881414,605144
2022-12-27,2509.8193359375,2550.129267583987,2492.3984362761194,2540.547867284657,870960
2022-12-28,2500.4794921875,2519.352130465339,2495.156440365545,2509.576977150608,822651
2022-12-29,2485.429931640625,2500.189303824518,2457.701526716956,2497.237382130528,1345863
2022-12-30,2478.655029296875,2503.237756884254,2472.9931430779093,2496.946877212534,696432
2023-01-02,2476.090087890625,2497.0436976301467,2456.394937600045,2491.091415996972,681703
2023-01-03,2460.266357421875,2479.574472037085,2453.44312514208,2468.0089787240986,821843
2023-01-04,2454.507568359375,2476.089933909137,2445.748681687992,2468.4441907028836,1672649
2023-01-05,2500.576171875,2508.5607497315004,2455.8625831358045,2455.911021773961,2008493
2023-01-06,2493.5595703125,2527.8690141934235,2492.059390156443,2496.9954058219078,991782
2023-01-09,2539.62841796875,2544.8545932288475,2487.317281579485,2506.0448427859606,1267078
2023-01-10,2558.791259765625,2567.9856225584786,2530.966214471462,2539.628224792783,1413088
2023-01-11,2509.8193359375,2562.6628260914504,2504.835117493257,2558.9365947050032,1471687
2023-01-12,2506.721923828125,2518.868207471103,2489.978459082963,2502.8990520635157,1703829
2023-01-13,2539.57958984375,2554.3389605545417,2484.074583180885,2506.8669701259037,1348015
2023-01-16,2513.54541015625,2543.402752881765,2500.8667727921447,2543.402752881765,930068
2023-01-17,2581.728515625,2588.9387838592897,2518.0938520591126,2521.626328221742,1892865
2023-01-18,2599.7783203125,2606.8435086922045,2574.421285732788,2582.163906141007,2038075
2023-01-19,2564.501220703125,2593.1005739596826,2527.868850991573,2584.196607166331,1649842
2023-01-20,2466.75048828125,2521.1907884149705,2454.4591255527084,2467.960272728666,4569549
2023-01-23,2512.86767578125,2520.2232606108178,2469.896221612445,2477.63884299681,1388360
2023-01-24,2516.835693359375,2526.030055630828,2497.7695367484107,2520.2230899857,1462462
2023-01-25,2537.98291015625,2557.0006287969645,2510.544902005801,2516.8357816754374,1591810
2023-01-27,2528.11083984375,2561.404251964291,2495.253139183932,2550.7097094351197,1581382
2023-01-30,2485.5263671875,2526.0300469372883,2448.7973568656766,2526.0300469372883,2744039
2023-01-31,2493.849853515625,2506.867087923221,2459.443533902743,2485.381361726254,2366794
2023-02-01,2491.430419921875,2519.2554658858467,2464.9120358480254,2516.545501108666,2014615
2023-02-02,2550.080810546875,2554.8230715777645,2480.542298495619,2486.8331783006215,1980667
2023-02-03,2563.533203125,2571.9532554873094,2546.499343863069,2555.0647121283623,1638238
2023-02-06,2552.742431640625,2559.904262093874,2516.110058744253,2546.354674317196,1697446
2023-02-07,2517.513427734375,2560.4366817966547,2511.8033386787374,2559.9043292913852,1495745
2023-02-08,2499.705078125,2523.6103716849057,2495.3982927248717,2509.286476488703,1061956
2023-02-09,2503.479736328125,2516.255014057704,2483.4457512196886,2503.770131880489,1102484
2023-02-10,2494.57568359375,2503.43121177764,2473.1383963849453,2501.834390723509,1523011
2023-02-13,2497.963134765625,2507.399454240234,2467.960477974562,2477.6387543587757,1146525
2023-02-14,2496.6083984375,2518.287644133915,2487.510676398818,2501.83457343819,1944364
2023-02-15,2466.460205078125,2489.0590740994085,2455.3786262923495,2467.9603851184434,2009134
2023-02-16,2445.79736328125,2479.4775766714233,2441.6840957444456,2477.6387986399773,1982857
2023-02-17,2434.570556640625,2464.331258138021,2426.247143983841,2443.764919704861,1395341
2023-02-20,2430.65087890625,2461.1858907140045,2427.5054388178423,2436.9901977262534,632091
2023-02-21,2435.199462890625,2462.105118993039,2431.4734681854907,2446.668315132227,862797
2023-02-22,2413.810546875,2442.3614619483646,2402.8740474032484,2435.199395717658,885515
2023-02-23,2410.52001953125,2434.957669493972,2400.30962610043,2411.8266814694252,757215
2023-02-24,2404.27734375,2430.457128317709,2392.421455319182,2412.0199647660443,732783
2023-02-27,2388.74365234375,2406.98729754523,2376.984641242897,2406.98729754523,853991
2023-02-28,2381.48486328125,2394.7442902845137,2357.2891735468743,2390.292188858976,1780454
2023-03-01,2386.90478515625,2390.5341386055497,2369.2419317029903,2378.92020756779,967339
2023-03-02,2376.355712890625,2390.534293436467,2365.3707745581883,2386.9049397521,827174
2023-03-03,2391.502197265625,2409.7940459030933,2376.6459478632923,2386.663058865654,1176008
2023-03-06,2404.90673828125,2418.456325987846,2395.954332117963,2402.099896198963,1214503
2023-03-08,2405.148681640625,2420.924083924064,2387.8244242561145,2406.987459733156,1448340
2023-03-09,2382.2109375,2411.778120138717,2377.855712975719,2404.9066854387056,1038910
2023-03-10,2386.130859375,2391.0184367295565,2366.4357065959653,2371.1779680175728,772024
2023-03-13,2376.11376953125,2408.4391186833054,2366.3386157045134,2386.6629964528956,1314549
2023-03-14,2363.87060546875,2392.469959892146,2361.257518061029,2382.791683355366,1250763
2023-03-15,2328.690185546875,2380.3720871511273,2316.0115489134573,2373.016502552404,1738040
2023-03-16,2380.22705078125,2389.8568887436527,2330.2870489972797,2346.9336374965865,1628035
2023-03-17,2368.661376953125,2403.3096552631014,2361.3060283336686,2392.1311982668,2127178
2023-03-20,2430.408447265625,2435.6830600494973,2346.9817613960895,2368.6610035642684,1561128
2023-03-21,2383.372314453125,2442.0709631935174,2379.6460837222075,2434.086385586722,1595161
2023-03-22,2396.679931640625,2401.5672719099553,2375.43592714754,2393.0505782014006,1063244
2023-03-23,2405.148681640625,2419.617658317073,2386.663078287882,2395.3735274787136,1578627
2023-03-24,2400.987060546875,2417.5367728252413,2390.534473889659,2392.6636476213353,1449326
2023-03-27,2418.601318359375,2424.4082843098176,2384.727350315126,2405.051731141675,1387736
2023-03-28,2402.922607421875,2432.634869894427,2392.373143954659,2429.0539547412104,1412387
2023-03-29,2449.4267578125,2458.0887682183347,2400.2610648253794,2405.05176454382,2613254
2023-03-31,2477.9775390625,2485.8168010055397,2435.5866420889615,2476.477358995696,2146167
2023-04-03,2454.507568359375,2487.316828114648,2434.1347509730595,2487.316828114648,918048
2023-04-05,2499.656982421875,2505.2704303171845,2421.5048959518076,2431.667086762157,1489612
2023-04-06,2482.719970703125,2501.834567495401,2470.8640815534854,2492.1562906385525,797414
2023-04-10,2450.684814453125,2486.3009210472665,2443.7649409170313,2482.7200058167978,853322
2023-04-11,2465.78271484375,2472.7994647927703,2451.507258050915,2458.282051105142,913184
2023-04-12,2447.587646484375,2473.7674312277777,2437.618974602109,2473.7674312277777,1109809
2023-04-13,2454.6044921875,2479.913327558406,2443.7648695283865,2443.7648695283865,1261711
2023-04-17,2469.7509765625,2496.0274016113844,2459.636989027723,2490.220435962037,1566977
2023-04-18,2459.29833984375,2477.638625379883,2448.6037977387127,2477.638625379883,1474786
2023-04-19,2450.15234375,2466.0246212088337,2429.4891308435926,2466.0246212088337,1320243
2023-04-20,2412.4072265625,2450.926576912434,2400.2125040035494,2436.7964353943603,1401364
2023-04-21,2417.5849609375,2428.763417227975,2405.680633930579,2411.8264338442373,1206288
2023-04-24,2419.3271484375,2424.311366280099,2395.4702915731864,2421.5047606323133,1735797
2023-04-25,2410.326416015625,2419.3272607626222,2398.325447210333,2410.713688862088,1701098
2023-04-26,2430.021728515625,2436.9900403889956,2402.34176301029,2409.890865992295,1245903
2023-04-27,2389.51806640625,2440.8613712951847,2377.9525730659275,2433.0703113341974,2743893
2023-04-28,2378.2431640625,2388.4053553807985,2341.1753141871104,2357.6768244897526,3761927
2023-05-02,2372.82275390625,2398.2766656944323,2371.1774943306536,2392.2761821496574,1760370
2023-05-03,2406.019287109375,2409.8905973058504,2373.7421438318534,2377.903849550269,1258140
2023-05-04,2426.1015625,2428.618008490418,2400.357256730984,2406.938530925455,1150227
2023-05-05,2420.294921875,2438.925603568929,2414.4395175139857,2419.569051159652,1354871
2023-05-08,2435.3447265625,2445.555355374639,2416.810685570313,2425.134097750361,972810
2023-05-09,2434.86083984375,2443.764806932592,2419.6175544143684,2443.764806932592,1651327
2023-05-10,2441.53857421875,2453.4429006388186,2425.2308213648193,2439.893314599788,2025658
2023-05-11,2508.99609375,2515.383850215709,2442.4097460743815,2455.330102340618,1749356
2023-05-12,2538.998779296875,2555.0648116420666,2503.1891588306794,2510.544742954364,2170011
2023-05-15,2576.599365234375,2584.8259009107737,2538.660565607491,2553.081104219928,1561055
2023-05-16,2589.809814453125,2592.2293834850093,2565.323964879288,2584.0997260522936,1477905
2023-05-17,2576.115234375,2587.9711230276134,2561.8882152490733,2586.0354677373907,839404
2023-05-18,2543.015625,2583.3255526784924,2537.4990545741466,2579.7446375800296,1434067
2023-05-19,2556.46826171875,2563.7754076273695,2516.9808469148456,2544.0800207214015,1174757
2023-05-22,2553.22607421875,2570.017741229158,2538.660221649178,2550.2257141582677,768232
2023-05-23,2543.741455078125,2564.54974951489,2540.5475765817846,2547.3223701193356,703864
2023-05-24,2530.821044921875,2553.1295210877583,2524.094689536343,2535.7086221569093,628872
2023-05-25,2513.690185546875,2541.6603081322046,2497.527512196272,2526.0299872085257,1072231
2023-05-26,2567.017822265625,2571.2277308703456,2519.3523093839362,2519.9813028567864,947073
2023-05-29,2565.03369140625,2593.3426504264967,2559.9525961974878,2584.0998490276334,698267
2023-05-30,2571.08251953125,2579.260615689643,2565.5659493365138,2570.066253269736,948051
2023-05-31,2581.728515625,2593.7779217730454,2553.1291632974976,2571.0824122147374,3388305
2023-06-01,2611.102294921875,2643.3794436961693,2569.098666651343,2581.196513075582,1541080
2023-06-02,2629.29736328125,2650.1056580236127,2605.053233080031,2622.8129652001426,1509260
2023-06-05,2609.06982421875,2634.4268613729923,2597.794490332869,2629.055370662212,1000190
2023-06-06,2604.5693359375,2620.7804493871663,2584.244954896127,2613.1347053193563,655372
2023-06-07,2628.8134765625,2639.266062681817,2593.1491686055565,2603.4564388023787,1428490
2023-06-08,2593.68115234375,2633.991314613021,2588.8420142287864,2619.909375441269,923536
2023-06-09,2551.386962890625,2602.439866610107,2535.8050809677634,2602.439866610107,1413808
2023-06-12,2558.404052734375,2571.518165154493,2548.2903006593074,2559.9042329069002,775484
2023-06-13,2589.809814453125,2610.231071596643,2542.967052510263,2544.9995850114606,1787924
2023-06-14,2611.9248046875,2615.1671217478,2566.6788631889767,2585.067588076077,1536248
2023-06-15,2603.166015625,2630.0716718899525,2591.987558869969,2626.6358364321136,1830192
2023-06-16,2628.28125,2636.362705966268,2596.8752877826882,2603.166167954781,1748145
2023-06-19,2618.13330078125,2645.6000656149076,2610.083510515175,2636.4282786586928,1068263
2023-06-20,2611.1572265625,2615.3526847564613,2583.8367229655746,2605.205164421101,1129279
2023-06-21,2611.64501953125,2641.1609199117356,2603.6926588132606,2620.767973082963,1201840
2023-06-22,2589.934814453125,2613.010785287786,2584.4217846913148,2603.887594093135,830052
2023-06-23,2577.494384765625,2595.984463101262,2563.6876306170893,2586.9589398662215,991214
2023-06-26,2587.7392578125,2609.302794793939,2578.0305326192793,2578.0305326192793,758700
2023-06-27,2587.0078125,2597.0090681250363,2572.030227082495,2587.739611692076,687747
2023-06-28,2596.667236328125,2622.377874283233,2577.884392063469,2588.5686116773345,1397573
2023-06-30,2613.1572265625,2620.7191514899046,2587.0077928701153,2601.253340771568,1160181
2023-07-03,2635.50146484375,2640.1850269729794,2594.910910678248,2621.7923800070157,980665
2023-07-04,2634.47705078125,2641.014409152976,2610.0837447554977,2635.5016172775076,721907
2023-07-05,2688.9716796875,2692.435338426133,2630.6716807151433,2634.4281067570623,1717547
2023-07-06,2690.191162109375,2697.8993506821257,2669.261517261057,2692.923021512067,1265020
2023-07-07,2632.623291015625,2702.436743248756,2625.695496722683,2686.2885650103285,1178930
2023-07-10,2592.081298828125,2645.551468458436,2586.665937735526,2644.1364662638275,1518183
2023-07-11,2619.353271484375,2650.820637103809,2581.7875791945075,2592.618302647551,2476367
2023-07-12,2608.766357421875,2639.3068235827195,2578.372394023707,2639.3068235827195,2395826
2023-07-13,2590.2763671875,2622.2315985076884,2586.8613042983197,2619.7922678725595,1495067
2023-07-14,2611.9375,2621.3046246541817,2586.7149648921863,2590.5690595409837,1419016
2023-07-17,2616.620849609375,2637.5990907589926,2605.2048311385684,2605.2048311385684,912701
2023-07-18,2617.694580078125,2635.550528251927,2612.328052596243,2620.377843819066,1215904
2023-07-19,2606.766357421875,2631.452192613518,2596.3258318421153,2617.6456766522215,1166542
2023-07-20,2637.648193359375,2650.381546809761,2593.6914080445667,2604.2781981974495,1430764
2023-07-21,2540.806640625,2611.4009603542117,2529.0978542626726,2585.6903216805877,5198952
2023-07-24,2517.63330078125,2542.7095735837943,2512.5107061376684,2540.8069432165003,1777469
2023-07-25,2505.82666015625,2523.8291105805647,2500.1187694742907,2517.584281306847,1653775
2023-07-26,2520.60888671875,2535.7327348996314,2509.8758331710274,2516.901056940911,1300033
2023-07-27,2507.485595703125,2520.3163793904414,2491.044412150134,2498.8502700808826,2276136
2023-07-28,2521.877685546875,2530.8055404078887,2502.948336840415,2507.631899314997,966450
2023-07-31,2498.655029296875,2520.218567675754,2492.0200027895794,2512.5592129459556,2003252
2023-08-01,2489.1904296875,2511.339502263412,2483.2383681748815,2507.631672380922,1758897
2023-08-02,2506.607177734375,2510.997972617187,2474.456849513406,2476.408313905766,2082908
2023-08-03,2489.3857421875,2498.899131644564,2475.627822147855,2495.874266376991,1475310
2023-08-04,2484.214111328125,2496.8497953195556,2473.529891681807,2489.385539485845,1359318
2023-08-07,2506.85107421875,2511.5346363352755,2477.140076921593,2478.3597421490285,803823
2023-08-08,2503.582763671875,2522.4630403433553,2493.532673553739,2506.8513238774012,1002061
2023-08-09,2490.263671875,2506.607186216325,2479.335518883974,2503.5825593274517,1212549
2023-08-10,2475.139892578125,2489.4831086717945,2466.260872241985,2487.1902808678788,1313334
2023-08-11,2441.0869140625,2475.0910389780124,2438.3548162050897,2473.481176102402,1472199
2023-08-14,2471.62744140625,2478.3598986003476,2427.719490446795,2441.086974540164,1060479
2023-08-16,2490.654052734375,2493.044548927192,2463.138214743352,2472.5053389380655,1155882
2023-08-17,2481.531005859375,2498.5086514565205,2471.5297504538667,2490.6541975400187,1532873
2023-08-18,2492.751953125,2505.436472311075,2470.651713060229,2470.651713060229,1970819
2023-08-21,2500.5576171875,2512.4126677596387,2477.4328124153594,2492.75175983212,977004
2023-08-22,2503.53369140625,2512.510379877591,2491.044271777666,2511.144450103033,960025
2023-08-23,2511.583740234375,2520.8043627005527,2500.313984679762,2512.510638263566,1136112
2023-08-24,2518.608642578125,2528.853830276748,2504.6556250215904,2522.267638184776,1143934
2023-08-25,2501.338623046875,2518.0723369579855,2489.581001011304,2504.704851889484,802955
2023-08-28,2493.678955078125,2505.6805098361724,2477.3842735490816,2502.753312978887,619841
2023-08-29,2464.845703125,2496.800931396469,2460.894178445796,2496.800931396469,958564
2023-08-30,2470.5048828125,2474.456645524429,2458.84493167254,2464.84558889802,1227377
2023-08-31,2444.25830078125,2478.164998969529,2430.64688253302,2470.6030734743013,3235414
2023-09-01,2444.013916015625,2453.478470146333,2439.3303540925963,2444.257849051034,813413
2023-09-04,2440.696533203125,2452.990854730369,2431.5247454208748,2452.990854730369,1143301
2023-09-05,2446.209228515625,2462.2111397972876,2441.3794022251595,2449.0875905904804,844088
2023-09-06,2462.26025390625,2464.7972529612366,2446.5997041528335,2452.454097465073,1094146
2023-09-07,2446.599853515625,2460.6505412523074,2439.3306956856595,2449.088018468402,1894798
2023-09-08,2452.795654296875,2459.86971275349,2440.8429348356976,2443.233431084759,1018234
2023-09-11,2474.70068359375,2477.286278523877,2448.160816562205,2452.795544308709,1121083
2023-09-12,2438.208740234375,2487.141619533985,2427.62194954906,2487.141619533985,3946716
2023-09-13,2445.721435546875,2448.111931639263,2431.524485310898,2433.475949584823,1231305
2023-09-14,2440.111328125,2452.990946549625,2432.598237228626,2450.0637497160333,2081195
2023-09-15,2409.765869140625,2429.57328128585,2406.155707490324,2414.742198858526,3750697
2023-09-18,2428.255859375,2432.4515555043185,2402.2526913693123,2411.37588278251,1499641
2023-09-20,2406.985107421875,2419.8158907497836,2385.6652632593637,2390.2023227681702,1795159
2023-09-21,2413.327392578125,2422.743113257516,2383.616155771558,2406.1556654422207,2223720
2023-09-22,2422.20654296875,2429.5733693019797,2398.3499364434806,2408.1072592117616,1176741
2023-09-25,2415.766845703125,2439.0379175068924,2400.3013938749336,2422.20653578155,1122778
2023-09-26,2418.791259765625,2428.597415898061,2401.5208476814396,2413.9614330782656,1263548
2023-09-27,2441.0380859375,2444.014116857225,2409.082855672904,2415.912981225642,1086791
2023-09-28,2400.642822265625,2440.306241053172,2393.666194080793,2439.330508849632,1612346
2023-09-29,2405.765625,2412.790849831651,2391.0319721622664,2405.716790742413,1249567
2023-10-03,2408.985107421875,2438.3547416128017,2402.0575518057963,2429.5731519071132,1585626
2023-10-04,2446.990234375,2450.112529952145,2405.3262764561264,2407.180310672722,1587335
2023-10-05,2458.406005859375,2463.52859968789,2434.793335283487,2456.893573371594,1909928
2023-10-06,2438.744873046875,2458.8450508920987,2433.476014652736,2458.796216640774,1083342
2023-10-09,2450.3564453125,2455.4302053656884,2420.791710515507,2424.6946395127106,1468771
2023-10-10,2455.13720703125,2459.6745044930904,2442.599191737029,2451.234278401293,1092373
2023-10-11,2494.36181640625,2501.728642500873,2455.1862620468273,2457.2353950481515,1697398
2023-10-12,2494.947021484375,2505.241042954944,2477.5789421703325,2492.995557251693,1625010
2023-10-13,2507.09521484375,2514.1692737485855,2480.9943768155626,2491.093301021234,1531977
2023-10-16,2496.2158203125,2519.3406266005536,2490.65419422538,2497.8745174660794,954899
2023-10-17,2494.11767578125,2507.631661539314,2484.653121433398,2496.2156428634157,1253538
2023-10-18,2486.40966796875,2508.8515093749234,2477.9208451669815,2507.6806783360375,1084689
2023-10-19,2486.26318359375,2492.4101055583815,2463.7236756705793,2463.7236756705793,1272343
2023-10-20,2434.59814453125,2481.8237267358363,2424.743392074862,2458.8451853958077,3608160
2023-10-23,2423.23095703125,2449.0390264863145,2420.157495838981,2433.4761452933108,922707
2023-10-25,2417.181396484375,2429.5731476262836,2405.1798429312407,2414.985999061821,1435836
2023-10-26,2416.30322265625,2429.5732764000477,2396.05677868625,2401.2770414540228,2650560
2023-10-27,2421.81640625,2434.452091909518,2404.0581260083077,2407.4243548048435,1784812
2023-10-30,2418.742431640625,2431.5246186219747,2402.6428504980636,2411.0342426223515,875135
2023-10-31,2423.71875,2431.524607487923,2407.91193623013,2410.25359819016,920414
2023-11-01,2412.25390625,2433.4272471256354,2406.936213458726,2424.694491670037,1267131
2023-11-02,2444.2470703125,2453.2895961518693,2421.1491915025767,2432.6489384919378,1595123
2023-11-03,2466.31298828125,2469.507375931709,2443.264300765157,2454.2726040602893,1125583
2023-11-06,2454.66552734375,2474.6674033540744,2448.473522058216,2471.964460107436,1338677
2023-11-07,2453.731689453125,2462.3319629225116,2442.7233874049075,2453.289437667297,1473411
2023-11-08,2476.239990234375,2481.793213717498,2454.960312364707,2455.2552268777463,745022
2023-11-09,2434.31982421875,2478.844719876056,2430.7323772905706,2476.928135353289,1823094
2023-11-10,2444.00146484375,2446.0164342755133,2423.164276489911,2434.6148316101794,771062
2023-11-13,2435.7451171875,2444.640306385928,2428.7175601758413,2434.8114210756253,760809
2023-11-15,2443.853759765625,2460.218996527472,2433.631815813644,2459.088530825848,1457029
2023-11-16,2448.57177734375,2462.92204539459,2432.993138633864,2437.760003869641,1420578
2023-11-17,2485.5283203125,2490.1478479604825,2422.8199902200868,2422.8199902200868,1756043
2023-11-20,2463.560546875,2491.130614092411,2457.2209647784684,2491.081421680519,944231
2023-11-21,2462.38134765625,2473.9302872171565,2455.2554062250524,2462.135625537933,1088806
2023-11-22,2478.746337890625,2481.056221781616,2461.152730253012,2464.838562017568,816610
2023-11-23,2476.780517578125,2484.4962879220193,2463.3149937600115,2463.3149937600115,1023670
2023-11-24,2472.160888671875,2476.682271357396,2464.543503470241,2472.0627438083584,735137
2023-11-28,2467.590576171875,2488.427762728439,2457.2210553258014,2488.427762728439,1880641
2023-11-29,2481.842529296875,2485.3807837399754,2465.182618057734,2469.0157870285097,1265214
2023-11-30,2501.99169921875,2510.788502703621,2473.0946353037875,2473.0946353037875,3095684
2023-12-01,2519.781982421875,2537.768889788748,2498.502542589977,2503.9084292871626,1345599
2023-12-04,2557.7705078125,2563.765983019622,2530.9376067464354,2532.9033835283744,2188039
2023-12-05,2519.388671875,2591.8766908161024,2512.557645540266,2591.8766908161024,3108717
2023-12-06,2523.713623046875,2539.489031852076,2519.143287394788,2526.0235070638337,1573754
2023-12-07,2475.158935546875,2515.998000226451,2455.845272737878,2507.446918371239,3925967
2023-12-08,2479.1396484375,2490.5902031858277,2465.3792097877645,2475.896068477461,1605805
2023-12-11,2460.80859375,2486.658608207576,2456.23825840204,2479.139607483383,2012243
2023-12-12,2459.924072265625,2474.9131211526696,2454.2724636688704,2457.2211290236987,1677929
2023-12-13,2468.91748046875,2473.63539317212,2455.3046189790252,2464.936974089446,1513205
2023-12-14,2473.29150390625,2481.596863506763,2458.4005995691946,2478.2059462690395,2166569
2023-12-15,2479.729248046875,2488.673629192287,2464.1014172136906,2476.8789674425607,2543337
2023-12-18,2492.113525390625,2500.959520945157,2471.964313294191,2477.0260925429784,1969036
2023-12-19,2516.88232421875,2523.025376831833,2491.6221398663524,2491.6713322798555,1656220
2023-12-20,2513.7373046875,2528.922883814125,2503.416975577346,2528.922883814125,1468642
2023-12-21,2509.5107421875,2535.8522006363223,2492.6051088425247,2498.7481616541436,1945695
2023-12-22,2531.527587890625,2535.6064789730626,2503.2203525370696,2515.4080733322808,1174984
2023-12-26,2540.52099609375,2547.302830613643,2523.123918008062,2531.5276624961084,893776
2023-12-27,2563.66796875,2567.304607989238,2536.736681487781,2541.74950852227,1073278
2023-12-28,2588.731689453125,2594.8255499490406,2562.242893289996,2569.1231125512245,1635216
2023-12-29,2618.36572265625,2621.4619653512023,2576.3964324830804,2588.7317309201885,1305681
2024-01-01,2609.322998046875,2623.7222172218208,2592.8596172323782,2618.2673785342754,526353
2024-01-02,2569.073974609375,2608.53685136641,2562.390284907004,2602.688712862964,1310629
2024-01-03,2561.947998046875,2583.6207368755227,2551.136224840684,2554.5271420809336,1008270
2024-01-04,2548.1875,2578.116405321174,2543.764501973334,2561.9479383051835,1376844
2024-01-05,2575.217041015625,2584.8983486823586,2550.595636302645,2550.595636302645,1150738
2024-01-08,2534.13232421875,2581.0652510029818,2522.5833841200124,2580.0331700653846,1189828
2024-01-09,2535.6064453125,2544.698163354613,2527.546808121821,2538.3585809286583,1017205
2024-01-10,2533.296630859375,2549.9075898770134,2521.1089098922707,2535.852236850705,881278
2024-01-11,2492.801513671875,2544.6980692174593,2488.5260931069506,2535.8520736118367,2399600
2024-01-12,2500.46826171875,2511.280034862974,2468.8684934687876,2490.147932808354,2979841
2024-01-15,2529.16845703125,2534.623535803766,2487.6906133279035,2502.4339397601116,1391204
2024-01-16,2525.138671875,2540.3734419992816,2512.6068448372844,2529.168370317179,1599406
2024-01-17,2519.044677734375,2527.3502769925835,2496.2909064162814,2505.3826244532343,3047652
2024-01-18,2504.399658203125,2526.0232031326655,2494.1285223541913,2526.0232031326655,1273095
2024-01-19,2521.501708984375,2529.9054524757194,2488.6733336645134,2521.1086496245957,1323064
2024-01-23,2334.900634765625,2438.054726480391,2324.9733657356983,2409.059518082418,4369332
2024-01-24,2399.869384765625,2404.0466604985068,2326.6441983892255,2347.137517675736,1551469
2024-01-25,2386.748046875,2425.768669950897,2378.786554525699,2412.7945905353317,2364765
2024-01-29,2402.572265625,2407.093648168616,2368.761001260255,2368.761001260255,1587091
2024-01-30,2416.57861328125,2451.864452930524,2405.422973251497,2412.0082779329596,1793711
2024-01-31,2439.0869140625,2443.3623348999963,2399.9679052310757,2408.0767350531937,1445004
2024-02-01,2431.27294921875,2468.5735176476464,2426.1127848916653,2432.7472818836313,1727534
2024-02-02,2410.63232421875,2444.3452063038044,2400.21361059542,2434.614706570375,1956115
2024-02-05,2378.0986328125,2422.574335699363,2371.46413569678,2421.837169353172,1315445
2024-02-06,2384.83154296875,2399.5748700669646,2376.67352064847,2383.455355128446,1557511
2024-02-07,2383.946533203125,2398.1492220627742,2370.284480935984,2398.1492220627742,1149076
2024-02-08,2375.6904296875,2400.0169173261293,2357.9492462655185,2400.0169173261293,1758661
2024-02-09,2382.6689453125,2386.8954136493776,2364.9280007214575,2375.6905812799823,886474
2024-02-12,2344.82763671875,2388.2714963627386,2341.2401900114432,2382.6198880115353,1292460
2024-02-13,2353.034912109375,2359.8659387363077,2339.372858855509,2349.103358371515,957865
2024-02-14,2347.08837890625,2353.034901901566,2329.4455795767385,2344.188906029756,1397975
2024-02-15,2310.62353515625,2343.8941670322565,2306.593596305442,2327.8240839728455,2553695
2024-02-16,2334.605712890625,2341.240209706544,2317.257828312715,2329.3963562870085,2363302
2024-02-19,2346.302001953125,2353.968579641771,2333.18058548961,2348.6118857313627,576683
2024-02-20,2362.962158203125,2367.237578873491,2327.676319772675,2329.543951757715,1032995
2024-02-21,2365.910888671875,2381.3421893748755,2353.133338796537,2362.9622233160276,1127778
2024-02-22,2347.23583984375,2378.8847977354317,2325.2681885320467,2378.8847977354317,2258516
2024-02-23,2353.13330078125,2364.3381329672534,2343.1568391773376,2347.67822196846,1210775
2024-02-26,2363.109619140625,2365.370310628713,2339.274573590387,2350.1847316625026,831596
2024-02-27,2364.1416015625,2367.729048366363,2348.267809353648,2362.912991018301,1120424
2024-02-28,2380.11376953125,2383.5046869695925,2359.915362232574,2369.842632377944,629152
2024-02-29,2371.021728515625,2387.2393870691344,2356.229210145433,2383.504363167244,2848084
2024-03-01,2368.46630859375,2397.0684591818754,2362.8638922826863,2375.5922500326224,2326244
2024-03-04,2380.555908203125,2386.354854273412,2363.2569748998476,2374.8551070034305,1501261
2024-03-05,2358.784912109375,2378.5900181346774,2350.1846382834747,2363.8466915759914,1587199
2024-03-06,2359.71875,2367.63105038812,2334.65509334339,2362.863945195678,1354111
2024-03-07,2378.14794921875,2384.4875321339227,2361.8810963387537,2363.7976809461757,1820704
2024-03-11,2348.9560546875,2371.709826285604,2342.763809469206,2367.7782724915123,2040761
2024-03-12,2337.4560546875,2344.188936507112,2320.4030841795975,2339.2744942922122,1012157
2024-03-13,2273.02783203125,2334.3599728052313,2264.4275584472307,2334.3599728052313,2322669
2024-03-14,2294.651611328125,2301.6299757710026,2262.462012627071,2265.4106781569385,2292515
2024-03-15,2287.86962890625,2296.96134799003,2276.2714960283906,2290.179512983015,2751403
2024-03-18,2260.59423828125,2285.215641899477,2257.69476535187,2281.087558409936,2487402
2024-03-19,2228.158935546875,2264.476615974303,2208.403021574945,2244.180065359407,4220638
2024-03-20,2203.586669921875,2226.684548050732,2201.6700854739947,2211.4989697841465,2995013
2024-03-21,2203.97998046875,2220.492314223294,2195.7727660428804,2195.7727660428804,3504486
2024-03-22,2217.936767578125,2227.2250145491166,2193.856002857713,2200.7362213492593,3507809
2024-03-26,2201.670166015625,2220.492384172923,2193.807058279855,2193.905443111754,3027027
2024-03-27,2201.375244140625,2224.276593337273,2197.7386048175617,2211.4990433092635,2168861
2024-03-28,2225.603515625,2248.7503462140653,2201.7684711635584,2206.5845284922184,3186360
2024-04-01,2246.78466796875,2255.7290490722785,2223.293729412416,2231.156837208746,1427873
2024-04-02,2247.571044921875,2258.6777327666364,2238.0862670510305,2258.6777327666364,1221495
2024-04-03,2226.43896484375,2242.804202218928,2222.360073585766,2242.804202218928,1175309
2024-04-04,2226.193115234375,2242.9514110615933,2210.7618147810203,2231.156749829017,1890255
2024-04-05,2228.158935546875,2241.477122107578,2219.4605166960628,2226.193158636454,1153449
2024-04-08,2230.12451171875,2249.78227905352,2228.4044570769574,2238.036811063591,1127294
2024-04-09,2225.40673828125,2235.6781143242933,2217.1505714712102,2232.139619998279,1189343
2024-04-10,2222.21240234375,2237.9386175559503,2219.06720729391,2237.9386175559503,2308993
2024-04-12,2194.10205078125,2226.0951195106577,2190.465411316827,2222.212517957747,3388551
2024-04-15,2156.50634765625,2189.629638830337,2152.5256016332346,2189.580446417611,4909564
2024-04-16,2182.798583984375,2193.06971966483,2134.882774983295,2145.6453548586323,2821129
2024-04-18,2176.9013671875,2199.409416501905,2171.2497586515733,2177.1470892977577,3392171
2024-04-19,2193.413818359375,2205.3558162650424,2158.422895829764,2182.0122170956633,2337694
2024-04-22,2203.144287109375,2214.988139991406,2190.9073748635096,2211.4988382761962,1804108
2024-04-23,2224.03076171875,2234.596812183219,2210.2211314911947,2214.4475996695805,1991778
2024-04-24,2221.573486328125,2229.5349782824633,2207.223219830646,2227.2742869899857,1404398
2024-04-25,2192.6767578125,2201.5227537138135,2177.1962649852007,2199.7535065409515,4951866
2024-04-26,2184.616943359375,2216.413481079801,2180.636437059989,2206.5845964630394,2307512
2024-04-29,2188.008056640625,2195.772779346939,2182.012341159447,2195.772779346939,1395292
2024-04-30,2192.283447265625,2201.91580185713,2186.9267533231177,2193.8561647363586,2119102
2024-05-02,2188.20458984375,2204.8153085543618,2167.3182104185435,2167.3182104185435,2140383
2024-05-03,2179.113037109375,2197.394619568755,2166.2862939551947,2193.8071724627926,2595307
2024-05-06,2217.5927734375,2222.8021299814586,2174.1491538885634,2186.9267031654854,1619256
2024-05-07,2338.6845703125,2348.7102239943465,2220.344902566401,2227.2251213879877,8277810
2024-05-08,2300.990966796875,2331.657037283888,2285.2155597787078,2325.907044083764,1813439
2024-05-09,2285.8544921875,2321.680969170223,2279.7606316183355,2300.548866899583,1558987
2024-05-10,2322.123046875,2330.4284058962457,2281.2839856959877,2281.2839856959877,2610266
2024-05-13,2320.25537109375,2340.896027187901,2307.7235441794437,2333.3770270245113,1170617
2024-05-14,2309.394775390625,2331.706294993575,2306.5934473504776,2320.206548234283,689430
2024-05-15,2283.544677734375,2315.488550874567,2277.9912142722096,2309.3454983476067,812282
2024-05-16,2303.054931640625,2307.920421345588,2261.9703871857996,2297.0102637737873,1880021
2024-05-17,2280.645263671875,2311.655201656233,2275.4850994163294,2311.655201656233,1264582
2024-05-21,2271.16015625,2285.018978543162,2262.363353146405,2267.523517197244,1663959
2024-05-22,2326.3984375,2333.3770410637762,2271.160157898754,2271.4550724087558,1914851
2024-05-23,2341.731689453125,2345.958157703709,2314.702257570665,2326.398533927331,1614718
2024-05-24,2328.511962890625,2342.468931082382,2324.2363020883845,2337.800210879868,974100
2024-05-27,2343.697509765625,2358.8830883303235,2322.0739638587916,2328.5119312009265,1116934
2024-05-28,2354.951416015625,2367.77815763927,2337.8492538260907,2349.103278023186,1631747
2024-05-29,2332.787353515625,2354.017840041492,2328.8557997117978,2340.453931425688,1592495
2024-05-30,2311.163818359375,2331.8536683409834,2294.1108476336467,2327.479862706454,1837380
2024-05-31,2289.1962890625,2336.7679919084944,2277.9422648109426,2312.7364183840964,5529186
2024-06-03,2315.586669921875,2346.59684672485,2304.1853085367393,2340.257264580302,1207445
2024-06-04,2453.58447265625,2467.099188771751,2302.0231224662857,2333.3771678690487,7826048
2024-06-05,2558.212890625,2677.3389217194235,2481.7933143129862,2490.197058478804,11061076
2024-06-06,2505.972412109375,2555.509892501907,2474.9130420460774,2555.509892501907,4102547
2024-06-07,2533.689697265625,2552.069661857948,2481.793143150903,2511.5747088613102,3974253
2024-06-10,2521.452880859375,2549.268430917142,2502.433894123476,2534.869211682814,1449122
2024-06-11,2512.60693359375,2532.6085691630938,2507.6432990304847,2522.091710956459,1402423
2024-06-12,2485.429931640625,2524.057495036232,2473.93018497126,2524.057495036232,1754677
2024-06-13,2444.836669921875,2462.9219616413716,2404.5874353045638,2445.3773065697983,3123098
2024-06-14,2461.0634765625,2491.482412027128,2451.78383795212,2454.3643421873426,1729552
2024-06-18,2467.514404296875,2479.1758600034564,2454.513024844088,2461.2121589734,1820933
2024-06-19,2438.48486328125,2476.198507890402,2433.026309456241,2476.198507890402,986976
2024-06-20,2463.494873046875,2471.23614316032,2428.2127182054387,2438.484820781087,2163310
2024-06-21,2422.9033203125,2459.3267143120725,2408.264470822547,2456.349321195472,3646215
2024-06-24,2423.79638671875,2449.2532426726625,2408.7606487390226,2416.650691860076,1945519
2024-06-25,2413.871826171875,2428.262559739084,2409.6041808607347,2420.9680918976096,833789
2024-06-26,2427.1708984375,2448.4095384947736,2414.0701752461264,2418.635608152316,1738656
2024-06-27,2443.595947265625,2464.4873698216543,2417.6431020193822,2431.4879309291487,3402726
2024-06-28,2454.4140625,2471.7325173232184,2444.2909743704545,2444.439747105837,2129791
2024-07-01,2486.22265625,2503.9876720245516,2431.63711445002,2442.504551130022,3312865
2024-07-02,2466.422607421875,2496.0477642881433,2460.666508207743,2496.0477642881433,1305210
2024-07-03,2491.43310546875,2500.8615172763507,2455.6547153597326,2467.9115053290857,1406405
2024-07-04,2477.141357421875,2517.7332949058336,2474.114292680149,2496.0975235152214,1977010
2024-07-05,2527.806640625,2534.7538909133295,2477.1412882763684,2477.1412882763684,1754286
2024-07-08,2567.654052734375,2575.4449948221027,2517.1377141108123,2540.7087424834617,2818809
2024-07-09,2570.631591796875,2594.301964869537,2548.6486020600505,2567.6541985701692,1479529
2024-07-10,2590.778564453125,2606.2114338563556,2553.6108222819507,2561.550537236578,1764036
2024-07-11,2589.190673828125,2597.3288329040865,2570.532295894864,2597.2791612272304,1432671
2024-07-12,2602.48974609375,2619.60975681741,2581.3998778109803,2581.3998778109803,1912642
2024-07-15,2600.554443359375,2609.4369510318375,2593.9544099026466,2608.196370566385,920101
2024-07-16,2668.190673828125,2704.4652934723017,2604.772300196954,2606.161653335641,3298003
2024-07-18,2717.764404296875,2730.467997022162,2634.992970614861,2679.6538684218926,5569762
2024-07-19,2706.450439453125,2722.3298699743023,2695.483659289261,2718.360012344008,1668862
2024-07-22,2714.687744140625,2729.2272497288595,2685.2610312256775,2685.3107029026028,1911629
2024-07-23,2745.50390625,2790.115131211254,2711.412658227848,2725.307159404711,3906259
2024-07-24,2696.575439453125,2736.6709041882878,2654.941606441795,2727.292164092904,3611927
2024-07-25,2686.799560546875,2704.3167024917393,2649.8799335286735,2696.5754317538394,2166670
2024-07-26,2690.62060546875,2706.450363867278,2666.9999047680026,2703.47297072771,2135309
2024-07-29,2691.16650390625,2699.503107759865,2672.5081251424413,2690.769372774585,957011
2024-07-30,2671.118408203125,2733.5942317894946,2665.163622206714,2695.1362388960065,1560399
2024-07-31,2685.260986328125,2689.2308436019753,2654.891723563683,2684.6159814414677,1751085
2024-08-01,2695.086669921875,2704.415738084747,2674.889923060724,2693.54830168734,1886392
2024-08-02,2672.260009765625,2738.7054514205456,2660.9457704745396,2691.563393459873,1738872
2024-08-05,2695.433837890625,2721.33725440984,2646.10840803418,2655.7849354705386,3118731
2024-08-06,2729.32666015625,2750.863088296067,2688.23849029464,2699.6024010509987,2296031
2024-08-07,2723.371826171875,2760.88702676029,2714.8862075874567,2760.738011728469,1713875
2024-08-08,2712.603515625,2738.457260428075,2699.899923472345,2733.2468225854554,1464161
2024-08-09,2726.498046875,2737.2167104449654,2698.113711501814,2735.23178172093,1284031
2024-08-12,2727.98681640625,2742.5759944580755,2701.884954526645,2717.36749590871,1297178
2024-08-13,2720.74169921875,2736.869245066587,2709.5270457929496,2721.337274755018,1051237
2024-08-14,2701.53759765625,2721.8831165697597,2686.204072105997,2720.3447483868586,946995
2024-08-16,2727.540283203125,2732.850064655501,2690.2731965789258,2717.268179758202,1727926
2024-08-19,2721.88330078125,2738.953640076966,2716.424746556982,2729.3267838143424,1130327
2024-08-20,2730.319091796875,2735.4798579439794,2714.439662236021,2721.8831448426713,1097889
2024-08-21,2770.16650390625,2774.0372603337164,2722.28009800496,2728.780788095258,1417729
2024-08-22,2771.754638671875,2788.8249779772536,2761.1353179988278,2781.82805546201,1552947
2024-08-23,2794.3828125,2799.742023245558,2750.466263571033,2778.1062512452368,2111401
2024-08-26,2799.890625,2813.586681103332,2782.4730699901475,2794.382641853765,1152244
2024-08-27,2746.049560546875,2802.8187161885494,2738.7550928288456,2787.8324073242366,1357212
2024-08-28,2743.51904296875,2760.787826494523,2725.059108330129,2739.201725936868,1723549
2024-08-29,2764.261474609375,2788.8249685494457,2724.3147824442094,2749.076720804428,2129934
2024-08-30,2757.06591796875,2795.0773503951586,2739.30090332263,2774.6324882083786,4029712
2024-09-02,2768.03271484375,2787.7329866044493,2758.058399770517,2772.9453648646363,957950
2024-09-03,2773.2431640625,2806.639492307676,2754.0885537689073,2759.0508754874095,2022116
2024-09-04,2819.83935546875,2822.4198597183427,2750.7637392732154,2759.0509135778707,1640986
2024-09-05,2817.060302734375,2833.485635702736,2802.3717823273028,2818.648342567897,1945173
2024-09-06,2817.556640625,2844.849410469429,2806.7885477214463,2806.7885477214463,1672730
2024-09-09,2899.782470703125,2916.0587895965837,2821.7746736019635,2831.600216333506,3342754
2024-09-10,2876.75732421875,2915.463434708172,2865.740872774489,2911.890466050338,1536584
2024-09-11,2882.265380859375,2927.7699703700537,2876.261165099827,2889.6594344557575,1913665
2024-09-12,2934.12158203125,2941.068832657911,2872.3903463516635,2889.063796315825,2454564
2024-09-13,2910.848388671875,2934.1216301930313,2896.5073266744707,2934.1216301930313,1902001
2024-09-16,2845.49462890625,2888.071252512636,2786.2443134933906,2888.071252512636,1489057
2024-09-17,2851.846435546875,2891.9419001355177,2838.5475095904803,2845.4947603469896,1098661
2024-09-18,2854.1787109375,2871.7452815527663,2840.135194940173,2852.3425549612452,464796
2024-09-19,2889.80810546875,2912.1882252874952,2851.6975708960094,2854.5756206248793,1713010
2024-09-20,2955.161865234375,2966.823321030214,2873.581104038967,2902.759700517157,3641632
2024-09-23,3005.72802734375,3012.129374093758,2947.5695181262363,2957.543833541812,1300470
2024-09-24,2928.315673828125,2997.2422730037506,2923.8992560250963,2997.2422730037506,1929308
2024-09-25,2926.727783203125,2938.042022508932,2883.2083655464885,2928.315823130532,1055354
2024-09-26,2963.597900390625,2970.2970347710625,2919.036105575787,2928.8616480476157,1902889
2024-09-27,2943.8974609375,3007.167065028445,2930.4991918358883,2963.5979757591085,2977081
2024-09-30,2936.00732421875,2975.3087669530396,2920.4256824414865,2941.862766941772,1627702
2024-10-01,2901.7177734375,2940.374213143341,2869.6114533548734,2940.374213143341,1184642
2024-10-03,2871.546875,2901.0726899369656,2839.5398991439615,2886.8307293411394,1233447
2024-10-04,2827.282958984375,2892.041261072565,2795.8218859702883,2869.214579876728,2456486
2024-10-07,2812.04833984375,2844.8493344587373,2803.7614080565604,2823.5610230090524,1280975
2024-10-08,2797.55859375,2864.252150456378,2777.609963141442,2822.568647227283,1761488
2024-10-09,2748.084228515625,2804.555597775211,2739.896397285357,2802.1238661752177,1476282
2024-10-10,2733.941650390625,2766.3951880024065,2712.6036656644146,2749.1264042606163,2065078
2024-10-11,2762.226806640625,2768.975612866927,2716.424672545272,2743.9655590173356,679307
2024-10-14,2768.08251953125,2783.5648185925625,2744.1640308770347,2770.5636804994933,874010
2024-10-15,2760.489990234375,2778.205576266769,2744.4121158029457,2772.052345595589,1082666
2024-10-16,2760.29150390625,2776.4687214499913,2734.8348899681005,2768.1318754374474,1170797
2024-10-17,2718.012451171875,2761.0358785505873,2702.927041201435,2758.5050459458034,1368242
2024-10-18,2696.625,2719.352336843785,2673.1530725879625,2718.0124130421464,1137277
2024-10-21,2673.25244140625,2717.3674340132375,2660.2510612917554,2694.5407535960335,792345
2024-10-22,2661.49169921875,2689.578489842222,2653.6016557991297,2664.8662235164206,1272253
2024-10-23,2639.260498046875,2672.756169905466,2601.249064929397,2601.249064929397,1431962
2024-10-24,2486.22265625,2627.053257173598,2434.118275440928,2627.053257173598,9216267
2024-10-25,2508.99951171875,2520.859412067319,2481.2601820028276,2483.443555080666,2761166
2024-10-28,2556.3896484375,2570.0857045378953,2501.1094341759012,2524.8292345455093,852829
2024-10-29,2528.45166015625,2566.2149764737674,2516.889547601219,2566.2149764737674,1695654
2024-10-30,2535.69677734375,2543.983951700237,2514.3091218477925,2537.731377749323,1200637
2024-10-31,2509.197998046875,2544.1823664563094,2505.079367906253,2535.696747786188,1901355
2024-11-01,2518.37841796875,2526.76469369846,2492.4255707985076,2524.7797648961205,118532
2024-11-04,2505.774169921875,2527.8068311798747,2484.6346297050713,2527.8068311798747,1097260
2024-11-05,2502.35009765625,2511.182933492779,2488.1081372458834,2501.0101738570506,702046
2024-11-06,2500.699951171875,2522.10009765625,2495.0,2515.199951171875,1219166
2024-11-07,2475.5,2509.89990234375,2466.10009765625,2500.699951171875,1322446
2024-11-08,2507.699951171875,2515.25,2467.300048828125,2483.949951171875,1700877
2024-11-11,2491.050048828125,2514.89990234375,2475.050048828125,2509.0,1175577
2024-11-12,2461.5,2496.949951171875,2456.0,2495.0,1624222
2024-11-13,2464.949951171875,2472.800048828125,2450.39990234375,2462.10009765625,1262017
2024-11-14,2389.199951171875,2464.699951171875,2383.699951171875,2460.39990234375,2443393
2024-11-18,2422.89990234375,2425.0,2375.75,2401.14990234375,1374215
2024-11-19,2410.35009765625,2440.199951171875,2405.10009765625,2431.89990234375,1133370
2024-11-21,2382.800048828125,2424.75,2376.10009765625,2424.75,1291829
2024-11-22,2445.25,2452.10009765625,2377.85009765625,2390.949951171875,1696471
2024-11-25,2471.449951171875,2505.699951171875,2457.60009765625,2470.0,4368045
2024-11-26,2479.199951171875,2494.949951171875,2460.39990234375,2486.25,982442
2024-11-27,2486.89990234375,2492.949951171875,2458.0,2475.14990234375,948232
2024-11-28,2462.199951171875,2539.14990234375,2453.199951171875,2486.0,2540530
2024-11-29,2496.14990234375,2507.5,2455.10009765625,2455.10009765625,1795164
2024-12-02,2479.14990234375,2490.5,2460.550048828125,2485.0,1006993
2024-12-03,2482.85009765625,2491.449951171875,2466.0,2480.0,1641588
2024-12-04,2464.5,2493.0,2456.550048828125,2481.10009765625,1321495
2024-12-05,2494.60009765625,2515.0,2450.050048828125,2465.60009765625,2071795
2024-12-06,2483.800048828125,2495.800048828125,2475.0,2495.0,1308086
2024-12-09,2400.75,2476.949951171875,2383.300048828125,2465.0,3385021
2024-12-10,2397.35009765625,2413.0,2388.300048828125,2408.699951171875,2063838
2024-12-11,2401.35009765625,2409.35009765625,2385.0,2405.0,1718225
2024-12-12,2344.949951171875,2399.949951171875,2338.0,2385.050048828125,3231056
2024-12-13,2390.10009765625,2394.550048828125,2333.449951171875,2344.949951171875,2260902
2024-12-16,2366.14990234375,2393.0,2363.0,2390.300048828125,1247552
2024-12-17,2363.25,2380.0,2353.35009765625,2353.35009765625,2131569
2024-12-18,2359.199951171875,2383.0,2350.050048828125,2350.050048828125,988403
2024-12-19,2359.85009765625,2386.949951171875,2336.0,2347.0,1655915
2024-12-20,2333.89990234375,2373.5,2324.64990234375,2352.10009765625,2069691
2024-12-23,2338.89990234375,2351.75,2315.25,2337.0,1066199
2024-12-24,2335.550048828125,2356.949951171875,2331.10009765625,2331.10009765625,683646
2024-12-26,2332.75,2341.85009765625,2324.699951171875,2332.25,1033769
2024-12-27,2341.25,2345.64990234375,2328.25,2343.0,556816
2024-12-30,2343.5,2359.14990234375,2325.0,2341.5,924180
2024-12-31,2326.85009765625,2352.64990234375,2323.25,2340.0,1878762
2025-01-01,2322.10009765625,2337.14990234375,2320.25,2325.0,559893
2025-01-02,2370.0,2379.64990234375,2315.5,2330.0,1650744
2025-01-03,2406.25,2414.60009765625,2364.800048828125,2381.85009765625,1274239
2025-01-06,2376.199951171875,2418.949951171875,2361.64990234375,2418.0,900419
2025-01-07,2390.800048828125,2402.25,2375.25,2377.14990234375,922768
2025-01-08,2401.0,2409.0,2368.0,2391.0,953351
2025-01-09,2435.39990234375,2473.64990234375,2386.39990234375,2405.050048828125,2425267
2025-01-10,2442.050048828125,2456.0,2413.800048828125,2435.39990234375,1651911
2025-01-13,2451.0,2460.5,2409.050048828125,2417.050048828125,2595013
2025-01-14,2367.949951171875,2468.0,2364.10009765625,2465.0,2052741
2025-01-15,2373.0,2384.89990234375,2350.10009765625,2373.89990234375,1215150
2025-01-16,2345.0,2380.0,2326.050048828125,2376.949951171875,2762596
2025-01-17,2354.0,2379.300048828125,2343.0,2350.0,1333005
2025-01-20,2345.199951171875,2368.0,2335.64990234375,2356.449951171875,1382273
2025-01-21,2340.5,2377.300048828125,2332.449951171875,2353.5,1842885
2025-01-22,2342.949951171875,2362.0,2332.199951171875,2342.550048828125,2658047
2025-01-23,2321.699951171875,2341.300048828125,2253.85009765625,2315.0,3408925
2025-01-24,2368.10009765625,2380.800048828125,2323.0,2332.85009765625,1688664
2025-01-27,2392.85009765625,2409.699951171875,2361.14990234375,2365.0,2477358
2025-01-28,2388.85009765625,2407.0,2379.449951171875,2401.0,1892156
2025-01-29,2383.949951171875,2396.0,2364.0,2385.14990234375,699576
2025-01-30,2408.75,2425.0,2384.0,2384.0,1419960
2025-01-31,2468.800048828125,2479.0,2401.5,2401.5,2116148
2025-02-01,2506.050048828125,2602.0,2435.14990234375,2475.0,2970999
2025-02-03,2441.949951171875,2520.0,2416.5,2505.0,2528480
2025-02-04,2438.050048828125,2450.0,2402.85009765625,2450.0,1992474
2025-02-05,2391.050048828125,2453.0,2387.0,2453.0,1357416
2025-02-06,2372.699951171875,2408.949951171875,2360.300048828125,2400.0,1132113
2025-02-07,2363.85009765625,2381.949951171875,2336.10009765625,2380.0,855602
2025-02-10,2361.449951171875,2398.0,2352.050048828125,2370.89990234375,1326354
2025-02-11,2315.25,2377.949951171875,2296.550048828125,2371.0,1389260
2025-02-12,2332.5,2339.89990234375,2305.10009765625,2325.699951171875,1341909
2025-02-13,2321.5,2345.60009765625,2313.35009765625,2330.10009765625,1334967
2025-02-14,2318.35009765625,2366.0,2313.39990234375,2322.0,1135380
2025-02-17,2329.39990234375,2336.0,2300.0,2318.35009765625,1409168
2025-02-18,2296.0,2338.550048828125,2288.0,2329.39990234375,1035705
2025-02-19,2250.39990234375,2305.699951171875,2248.0,2298.75,1521343
2025-02-20,2248.050048828125,2254.449951171875,2226.5,2250.39990234375,2206196
2025-02-21,2241.64990234375,2253.550048828125,2226.39990234375,2248.050048828125,1781509
2025-02-24,2241.449951171875,2251.0,2218.800048828125,2230.0,1627949
2025-02-25,2259.300048828125,2269.60009765625,2237.949951171875,2243.0,1988040
2025-02-27,2244.949951171875,2269.64990234375,2233.10009765625,2269.64990234375,1699658
2025-02-28,2190.25,2249.60009765625,2185.85009765625,2245.050048828125,3683249
2025-03-03,2176.85009765625,2199.0,2158.5,2199.0,1306470
2025-03-04,2157.35009765625,2180.0,2136.0,2179.949951171875,1800330
2025-03-05,2170.449951171875,2191.89990234375,2150.0,2152.0,1145673
2025-03-06,2218.949951171875,2229.800048828125,2163.75,2175.0,1856868
2025-03-07,2204.550048828125,2226.699951171875,2189.199951171875,2226.699951171875,1738356
2025-03-10,2247.75,2267.14990234375,2194.64990234375,2208.0,1242387
2025-03-11,2216.949951171875,2262.449951171875,2211.25,2240.0,1325891
2025-03-12,2192.89990234375,2229.949951171875,2185.0,2217.35009765625,1526212
2025-03-13,2174.800048828125,2209.949951171875,2164.449951171875,2185.0,1845629
2025-03-17,2171.25,2195.449951171875,2156.5,2161.0,1111886
2025-03-18,2171.25,2171.25,2171.25,2171.25,0
2025-03-19,2200.050048828125,2212.85009765625,2193.449951171875,2207.0,1341405
2025-03-20,2242.39990234375,2248.89990234375,2188.449951171875,2203.89990234375,1426689
2025-03-21,2246.199951171875,2255.199951171875,2225.800048828125,2245.0,2152415
2025-03-24,2256.199951171875,2266.0,2241.0,2250.25,1454404
2025-03-25,2271.300048828125,2292.0,2243.35009765625,2250.75,2229340
2025-03-26,2245.949951171875,2279.89990234375,2237.800048828125,2272.0,1416907
2025-03-27,2244.64990234375,2260.89990234375,2200.0,2244.199951171875,3752627
2025-03-28,2258.85009765625,2296.0,2240.300048828125,2247.0,2280152
2025-04-01,2233.85009765625,2284.64990234375,2220.0,2259.0,2495962
2025-04-02,2237.89990234375,2243.699951171875,2190.050048828125,2243.699951171875,1351493
2025-04-03,2244.550048828125,2252.89990234375,2220.60009765625,2225.449951171875,1310088
2025-04-04,2244.550048828125,2267.050048828125,2222.0,2230.0,1120226
2025-04-07,2249.39990234375,2261.60009765625,2150.0,2150.0,3435185
2025-04-08,2289.25,2306.199951171875,2252.35009765625,2268.300048828125,2774874
2025-04-09,2350.0,2354.14990234375,2289.5,2293.949951171875,2989089
2025-04-11,2366.14990234375,2394.85009765625,2344.35009765625,2394.60009765625,3836083
2025-04-15,2361.5,2400.0,2345.199951171875,2400.0,3042779
2025-04-16,2366.60009765625,2376.0,2351.0,2351.0,1131979
2025-04-17,2375.0,2379.89990234375,2343.10009765625,2357.10009765625,1962402
2025-04-21,2351.0,2372.39990234375,2348.800048828125,2368.10009765625,1478430
2025-04-22,2398.699951171875,2406.0,2355.10009765625,2370.0,2352346
2025-04-23,2423.800048828125,2438.0,2393.39990234375,2410.0,2226066
2025-04-24,2325.300048828125,2487.39990234375,2317.10009765625,2423.800048828125,7065430
2025-04-25,2332.199951171875,2341.89990234375,2294.39990234375,2331.89990234375,2859858
2025-04-28,2318.60009765625,2349.0,2315.0,2345.0,1555660
2025-04-29,2321.699951171875,2332.5,2312.60009765625,2328.0,1896387
2025-04-30,2342.10009765625,2352.5,2316.0,2320.0,2083807
2025-05-02,2318.60009765625,2345.0,2310.0,2334.10009765625,1424284
2025-05-05,2348.60009765625,2354.89990234375,2319.10009765625,2324.10009765625,2074103
2025-05-06,2381.800048828125,2390.10009765625,2340.199951171875,2340.199951171875,1888125
2025-05-07,2370.800048828125,2386.89990234375,2355.300048828125,2369.0,1610400
2025-05-08,2354.89990234375,2371.89990234375,2341.0,2361.699951171875,2323073
2025-05-09,2332.89990234375,2342.699951171875,2302.300048828125,2330.0,1805685
2025-05-12,2382.5,2387.0,2346.10009765625,2360.0,1274873
2025-05-13,2360.0,2398.0,2352.800048828125,2375.60009765625,1929665
2025-05-14,2350.5,2370.0,2338.5,2370.0,1568111
2025-05-15,2355.199951171875,2369.89990234375,2340.0,2351.60009765625,3236681
2025-05-16,2381.39990234375,2387.0,2349.0,2360.0,1473000
